﻿{"computers":[{"Properties":{"objectsid":"S-1-5-21-1874506631-3219952063-538504511-1108","highvalue":false,"domain":"DOLLARCORP.MONEYCORP.LOCAL","enabled":true,"unconstraineddelegation":false,"lastlogon":1562272547,"pwdlastset":1555389341,"serviceprincipalnames":["WSMAN/dcorp-mgmt","WSMAN/dcorp-mgmt.dollarcorp.moneycorp.local","TERMSRV/DCORP-MGMT","TERMSRV/dcorp-mgmt.dollarcorp.moneycorp.local","RestrictedKrbHost/DCORP-MGMT","HOST/DCORP-MGMT","RestrictedKrbHost/dcorp-mgmt.dollarcorp.moneycorp.local","HOST/dcorp-mgmt.dollarcorp.moneycorp.local"],"operatingsystem":"Windows Server 2016 Standard","description":null},"Name":"DCORP-MGMT.DOLLARCORP.MONEYCORP.LOCAL","PrimaryGroup":"DOMAIN COMPUTERS@DOLLARCORP.MONEYCORP.LOCAL","LocalAdmins":[],"RemoteDesktopUsers":[],"DcomUsers":[],"AllowedToDelegate":[],"Aces":null},{"Properties":{"objectsid":"S-1-5-21-1874506631-3219952063-538504511-1135","highvalue":false,"domain":"DOLLARCORP.MONEYCORP.LOCAL","enabled":true,"unconstraineddelegation":false,"lastlogon":1562272525,"pwdlastset":1555389377,"serviceprincipalnames":["MSSQLSvc/dcorp-sql1.dollarcorp.moneycorp.local:1433","MSSQLSvc/dcorp-sql1.dollarcorp.moneycorp.local","WSMAN/dcorp-sql1","WSMAN/dcorp-sql1.dollarcorp.moneycorp.local","TERMSRV/DCORP-SQL1","TERMSRV/dcorp-sql1.dollarcorp.moneycorp.local","RestrictedKrbHost/DCORP-SQL1","HOST/DCORP-SQL1","RestrictedKrbHost/dcorp-sql1.dollarcorp.moneycorp.local","HOST/dcorp-sql1.dollarcorp.moneycorp.local"],"operatingsystem":"Windows Server 2016 Standard","description":null},"Name":"DCORP-SQL1.DOLLARCORP.MONEYCORP.LOCAL","PrimaryGroup":"DOMAIN COMPUTERS@DOLLARCORP.MONEYCORP.LOCAL","LocalAdmins":[],"RemoteDesktopUsers":[],"DcomUsers":[],"AllowedToDelegate":[],"Aces":null},{"Properties":{"objectsid":"S-1-5-21-1874506631-3219952063-538504511-1110","highvalue":false,"domain":"DOLLARCORP.MONEYCORP.LOCAL","enabled":true,"unconstraineddelegation":false,"lastlogon":1562272564,"pwdlastset":1555580196,"serviceprincipalnames":["WSMAN/dcorp-ci","WSMAN/dcorp-ci.dollarcorp.moneycorp.local","TERMSRV/DCORP-CI","TERMSRV/dcorp-ci.dollarcorp.moneycorp.local","RestrictedKrbHost/DCORP-CI","HOST/DCORP-CI","RestrictedKrbHost/dcorp-ci.dollarcorp.moneycorp.local","HOST/dcorp-ci.dollarcorp.moneycorp.local"],"operatingsystem":"Windows Server 2016 Standard","description":null},"Name":"DCORP-CI.DOLLARCORP.MONEYCORP.LOCAL","PrimaryGroup":"DOMAIN COMPUTERS@DOLLARCORP.MONEYCORP.LOCAL","LocalAdmins":[],"RemoteDesktopUsers":[],"DcomUsers":[],"AllowedToDelegate":[],"Aces":null},{"Properties":{"objectsid":"S-1-5-21-1874506631-3219952063-538504511-1111","highvalue":false,"domain":"DOLLARCORP.MONEYCORP.LOCAL","enabled":true,"unconstraineddelegation":false,"lastlogon":1562272569,"pwdlastset":1555389355,"serviceprincipalnames":["MSSQLSvc/dcorp-mssql.dollarcorp.moneycorp.local:1433","MSSQLSvc/dcorp-mssql.dollarcorp.moneycorp.local","TERMSRV/DCORP-MSSQL","TERMSRV/dcorp-mssql.dollarcorp.moneycorp.local","WSMAN/dcorp-mssql","WSMAN/dcorp-mssql.dollarcorp.moneycorp.local","RestrictedKrbHost/DCORP-MSSQL","HOST/DCORP-MSSQL","RestrictedKrbHost/dcorp-mssql.dollarcorp.moneycorp.local","HOST/dcorp-mssql.dollarcorp.moneycorp.local"],"operatingsystem":"Windows Server 2016 Standard","description":null},"Name":"DCORP-MSSQL.DOLLARCORP.MONEYCORP.LOCAL","PrimaryGroup":"DOMAIN COMPUTERS@DOLLARCORP.MONEYCORP.LOCAL","LocalAdmins":[],"RemoteDesktopUsers":[],"DcomUsers":[],"AllowedToDelegate":[],"Aces":null},{"Properties":{"objectsid":"S-1-5-21-1874506631-3219952063-538504511-2101","highvalue":false,"domain":"DOLLARCORP.MONEYCORP.LOCAL","enabled":true,"unconstraineddelegation":false,"lastlogon":1562272518,"pwdlastset":1557728765,"serviceprincipalnames":["WSMAN/dcorp-std106","WSMAN/dcorp-std106.dollarcorp.moneycorp.local","TERMSRV/DCORP-STD106","TERMSRV/dcorp-std106.dollarcorp.moneycorp.local","RestrictedKrbHost/DCORP-STD106","HOST/DCORP-STD106","RestrictedKrbHost/dcorp-std106.dollarcorp.moneycorp.local","HOST/dcorp-std106.dollarcorp.moneycorp.local"],"operatingsystem":"Windows Server 2016 Standard","description":null},"Name":"DCORP-STD106.DOLLARCORP.MONEYCORP.LOCAL","PrimaryGroup":"DOMAIN COMPUTERS@DOLLARCORP.MONEYCORP.LOCAL","LocalAdmins":[],"RemoteDesktopUsers":[],"DcomUsers":[],"AllowedToDelegate":[],"Aces":null},{"Properties":{"objectsid":"S-1-5-21-1874506631-3219952063-538504511-2102","highvalue":false,"domain":"DOLLARCORP.MONEYCORP.LOCAL","enabled":true,"unconstraineddelegation":false,"lastlogon":1562272542,"pwdlastset":1550928054,"serviceprincipalnames":["WSMAN/dcorp-student95","WSMAN/dcorp-student95.dollarcorp.moneycorp.local","TERMSRV/DCORP-STUDENT95","TERMSRV/dcorp-student95.dollarcorp.moneycorp.local","RestrictedKrbHost/DCORP-STUDENT95","HOST/DCORP-STUDENT95","RestrictedKrbHost/dcorp-student95.dollarcorp.moneycorp.local","HOST/dcorp-student95.dollarcorp.moneycorp.local"],"operatingsystem":"Windows Server 2016 Standard","description":null},"Name":"DCORP-STUDENT95.DOLLARCORP.MONEYCORP.LOCAL","PrimaryGroup":"DOMAIN COMPUTERS@DOLLARCORP.MONEYCORP.LOCAL","LocalAdmins":[],"RemoteDesktopUsers":[],"DcomUsers":[],"AllowedToDelegate":[],"Aces":null},{"Properties":{"objectsid":"S-1-5-21-1874506631-3219952063-538504511-1114","highvalue":false,"domain":"DOLLARCORP.MONEYCORP.LOCAL","allowedtodelegate":["TIME/dcorp-dc.dollarcorp.moneycorp.LOCAL","TIME/dcorp-DC"],"enabled":true,"unconstraineddelegation":false,"lastlogon":1562272519,"pwdlastset":1560267702,"serviceprincipalnames":["TERMSRV/DCORP-ADMINSRV","TERMSRV/dcorp-adminsrv.dollarcorp.moneycorp.local","WSMAN/dcorp-adminsrv","WSMAN/dcorp-adminsrv.dollarcorp.moneycorp.local","RestrictedKrbHost/DCORP-ADMINSRV","HOST/DCORP-ADMINSRV","RestrictedKrbHost/dcorp-adminsrv.dollarcorp.moneycorp.local","HOST/dcorp-adminsrv.dollarcorp.moneycorp.local"],"operatingsystem":"Windows Server 2016 Standard","description":null},"Name":"DCORP-ADMINSRV.DOLLARCORP.MONEYCORP.LOCAL","PrimaryGroup":"DOMAIN COMPUTERS@DOLLARCORP.MONEYCORP.LOCAL","LocalAdmins":[{"Name":"DOMAIN ADMINS@DOLLARCORP.MONEYCORP.LOCAL","Type":"Group"},{"Name":"SRVADMIN@DOLLARCORP.MONEYCORP.LOCAL","Type":"User"},{"Name":"RDPUSERS@DOLLARCORP.MONEYCORP.LOCAL","Type":"Group"},{"Name":"APPADMIN@DOLLARCORP.MONEYCORP.LOCAL","Type":"User"}],"RemoteDesktopUsers":[],"DcomUsers":[],"AllowedToDelegate":["DCORP-DC.DOLLARCORP.MONEYCORP.LOCAL"],"Aces":null},{"Properties":{"objectsid":"S-1-5-21-1874506631-3219952063-538504511-2103","highvalue":false,"domain":"DOLLARCORP.MONEYCORP.LOCAL","enabled":true,"unconstraineddelegation":false,"lastlogon":1562272549,"pwdlastset":1559190720,"serviceprincipalnames":["WSMAN/dcorp-student96","WSMAN/dcorp-student96.dollarcorp.moneycorp.local","TERMSRV/DCORP-STUDENT96","TERMSRV/dcorp-student96.dollarcorp.moneycorp.local","RestrictedKrbHost/DCORP-STUDENT96","HOST/DCORP-STUDENT96","RestrictedKrbHost/dcorp-student96.dollarcorp.moneycorp.local","HOST/dcorp-student96.dollarcorp.moneycorp.local"],"operatingsystem":"Windows Server 2016 Standard","description":null},"Name":"DCORP-STUDENT96.DOLLARCORP.MONEYCORP.LOCAL","PrimaryGroup":"DOMAIN COMPUTERS@DOLLARCORP.MONEYCORP.LOCAL","LocalAdmins":[],"RemoteDesktopUsers":[],"DcomUsers":[],"AllowedToDelegate":[],"Aces":null},{"Properties":{"objectsid":"S-1-5-21-1874506631-3219952063-538504511-2104","highvalue":false,"domain":"DOLLARCORP.MONEYCORP.LOCAL","enabled":true,"unconstraineddelegation":false,"lastlogon":1562272562,"pwdlastset":1559973093,"serviceprincipalnames":["WSMAN/dcorp-student97","WSMAN/dcorp-student97.dollarcorp.moneycorp.local","TERMSRV/DCORP-STUDENT97","TERMSRV/dcorp-student97.dollarcorp.moneycorp.local","RestrictedKrbHost/DCORP-STUDENT97","HOST/DCORP-STUDENT97","RestrictedKrbHost/dcorp-student97.dollarcorp.moneycorp.local","HOST/dcorp-student97.dollarcorp.moneycorp.local"],"operatingsystem":"Windows Server 2016 Standard","description":null},"Name":"DCORP-STUDENT97.DOLLARCORP.MONEYCORP.LOCAL","PrimaryGroup":"DOMAIN COMPUTERS@DOLLARCORP.MONEYCORP.LOCAL","LocalAdmins":[],"RemoteDesktopUsers":[],"DcomUsers":[],"AllowedToDelegate":[],"Aces":null},{"Properties":{"objectsid":"S-1-5-21-1874506631-3219952063-538504511-2106","highvalue":false,"domain":"DOLLARCORP.MONEYCORP.LOCAL","enabled":true,"unconstraineddelegation":false,"lastlogon":1562272558,"pwdlastset":1556285632,"serviceprincipalnames":["WSMAN/dcorp-student99","WSMAN/dcorp-student99.dollarcorp.moneycorp.local","TERMSRV/DCORP-STUDENT99","TERMSRV/dcorp-student99.dollarcorp.moneycorp.local","RestrictedKrbHost/DCORP-STUDENT99","HOST/DCORP-STUDENT99","RestrictedKrbHost/dcorp-student99.dollarcorp.moneycorp.local","HOST/dcorp-student99.dollarcorp.moneycorp.local"],"operatingsystem":"Windows Server 2016 Standard","description":null},"Name":"DCORP-STUDENT99.DOLLARCORP.MONEYCORP.LOCAL","PrimaryGroup":"DOMAIN COMPUTERS@DOLLARCORP.MONEYCORP.LOCAL","LocalAdmins":[],"RemoteDesktopUsers":[],"DcomUsers":[],"AllowedToDelegate":[],"Aces":null},{"Properties":{"objectsid":"S-1-5-21-1874506631-3219952063-538504511-2105","highvalue":false,"domain":"DOLLARCORP.MONEYCORP.LOCAL","enabled":true,"unconstraineddelegation":false,"lastlogon":1562272571,"pwdlastset":1558972314,"serviceprincipalnames":["TERMSRV/DCORP-STUDENT98","TERMSRV/dcorp-student98.dollarcorp.moneycorp.local","WSMAN/dcorp-student98","WSMAN/dcorp-student98.dollarcorp.moneycorp.local","RestrictedKrbHost/DCORP-STUDENT98","HOST/DCORP-STUDENT98","RestrictedKrbHost/dcorp-student98.dollarcorp.moneycorp.local","HOST/dcorp-student98.dollarcorp.moneycorp.local"],"operatingsystem":"Windows Server 2016 Standard","description":null},"Name":"DCORP-STUDENT98.DOLLARCORP.MONEYCORP.LOCAL","PrimaryGroup":"DOMAIN COMPUTERS@DOLLARCORP.MONEYCORP.LOCAL","LocalAdmins":[],"RemoteDesktopUsers":[],"DcomUsers":[],"AllowedToDelegate":[],"Aces":null},{"Properties":{"objectsid":"S-1-5-21-1874506631-3219952063-538504511-2108","highvalue":false,"domain":"DOLLARCORP.MONEYCORP.LOCAL","enabled":true,"unconstraineddelegation":false,"lastlogon":1562272563,"pwdlastset":1559973280,"serviceprincipalnames":["TERMSRV/DCORP-STD101","TERMSRV/dcorp-std101.dollarcorp.moneycorp.local","WSMAN/dcorp-std101","WSMAN/dcorp-std101.dollarcorp.moneycorp.local","RestrictedKrbHost/DCORP-STD101","HOST/DCORP-STD101","RestrictedKrbHost/dcorp-std101.dollarcorp.moneycorp.local","HOST/dcorp-std101.dollarcorp.moneycorp.local"],"operatingsystem":"Windows Server 2016 Standard","description":null},"Name":"DCORP-STD101.DOLLARCORP.MONEYCORP.LOCAL","PrimaryGroup":"DOMAIN COMPUTERS@DOLLARCORP.MONEYCORP.LOCAL","LocalAdmins":[],"RemoteDesktopUsers":[],"DcomUsers":[],"AllowedToDelegate":[],"Aces":null},{"Properties":{"objectsid":"S-1-5-21-1874506631-3219952063-538504511-2107","highvalue":false,"domain":"DOLLARCORP.MONEYCORP.LOCAL","enabled":true,"unconstraineddelegation":false,"lastlogon":1562272539,"pwdlastset":1562227675,"serviceprincipalnames":["WSMAN/dcorp-std100","WSMAN/dcorp-std100.dollarcorp.moneycorp.local","TERMSRV/DCORP-STD100","TERMSRV/dcorp-std100.dollarcorp.moneycorp.local","RestrictedKrbHost/DCORP-STD100","HOST/DCORP-STD100","RestrictedKrbHost/dcorp-std100.dollarcorp.moneycorp.local","HOST/dcorp-std100.dollarcorp.moneycorp.local"],"operatingsystem":"Windows Server 2016 Standard","description":null},"Name":"DCORP-STD100.DOLLARCORP.MONEYCORP.LOCAL","PrimaryGroup":"DOMAIN COMPUTERS@DOLLARCORP.MONEYCORP.LOCAL","LocalAdmins":[],"RemoteDesktopUsers":[],"DcomUsers":[],"AllowedToDelegate":[],"Aces":null},{"Properties":{"objectsid":"S-1-5-21-1874506631-3219952063-538504511-2109","highvalue":false,"domain":"DOLLARCORP.MONEYCORP.LOCAL","enabled":true,"unconstraineddelegation":false,"lastlogon":1562272572,"pwdlastset":1557729012,"serviceprincipalnames":["WSMAN/dcorp-std102","WSMAN/dcorp-std102.dollarcorp.moneycorp.local","TERMSRV/DCORP-STD102","TERMSRV/dcorp-std102.dollarcorp.moneycorp.local","RestrictedKrbHost/DCORP-STD102","HOST/DCORP-STD102","RestrictedKrbHost/dcorp-std102.dollarcorp.moneycorp.local","HOST/dcorp-std102.dollarcorp.moneycorp.local"],"operatingsystem":"Windows Server 2016 Standard","description":null},"Name":"DCORP-STD102.DOLLARCORP.MONEYCORP.LOCAL","PrimaryGroup":"DOMAIN COMPUTERS@DOLLARCORP.MONEYCORP.LOCAL","LocalAdmins":[{"Name":"DOMAIN ADMINS@DOLLARCORP.MONEYCORP.LOCAL","Type":"Group"}],"RemoteDesktopUsers":[{"Name":"STUDENT102@DOLLARCORP.MONEYCORP.LOCAL","Type":"User"}],"DcomUsers":[],"AllowedToDelegate":[],"Aces":null},{"Properties":{"objectsid":"S-1-5-21-1874506631-3219952063-538504511-2111","highvalue":false,"domain":"DOLLARCORP.MONEYCORP.LOCAL","enabled":true,"unconstraineddelegation":false,"lastlogon":1562272572,"pwdlastset":1557728957,"serviceprincipalnames":["WSMAN/dcorp-std104","WSMAN/dcorp-std104.dollarcorp.moneycorp.local","TERMSRV/DCORP-STD104","TERMSRV/dcorp-std104.dollarcorp.moneycorp.local","RestrictedKrbHost/DCORP-STD104","HOST/DCORP-STD104","RestrictedKrbHost/dcorp-std104.dollarcorp.moneycorp.local","HOST/dcorp-std104.dollarcorp.moneycorp.local"],"operatingsystem":"Windows Server 2016 Standard","description":null},"Name":"DCORP-STD104.DOLLARCORP.MONEYCORP.LOCAL","PrimaryGroup":"DOMAIN COMPUTERS@DOLLARCORP.MONEYCORP.LOCAL","LocalAdmins":[],"RemoteDesktopUsers":[],"DcomUsers":[],"AllowedToDelegate":[],"Aces":null},{"Properties":{"objectsid":"S-1-5-21-1874506631-3219952063-538504511-2110","highvalue":false,"domain":"DOLLARCORP.MONEYCORP.LOCAL","enabled":true,"unconstraineddelegation":false,"lastlogon":1562272569,"pwdlastset":1559973409,"serviceprincipalnames":["WSMAN/dcorp-std103","WSMAN/dcorp-std103.dollarcorp.moneycorp.local","TERMSRV/DCORP-STD103","TERMSRV/dcorp-std103.dollarcorp.moneycorp.local","RestrictedKrbHost/DCORP-STD103","HOST/DCORP-STD103","RestrictedKrbHost/dcorp-std103.dollarcorp.moneycorp.local","HOST/dcorp-std103.dollarcorp.moneycorp.local"],"operatingsystem":"Windows Server 2016 Standard","description":null},"Name":"DCORP-STD103.DOLLARCORP.MONEYCORP.LOCAL","PrimaryGroup":"DOMAIN COMPUTERS@DOLLARCORP.MONEYCORP.LOCAL","LocalAdmins":[],"RemoteDesktopUsers":[],"DcomUsers":[],"AllowedToDelegate":[],"Aces":null},{"Properties":{"objectsid":"S-1-5-21-1874506631-3219952063-538504511-2112","highvalue":false,"domain":"DOLLARCORP.MONEYCORP.LOCAL","enabled":true,"unconstraineddelegation":false,"lastlogon":1562272574,"pwdlastset":1557728907,"serviceprincipalnames":["WSMAN/dcorp-std105","WSMAN/dcorp-std105.dollarcorp.moneycorp.local","TERMSRV/DCORP-STD105","TERMSRV/dcorp-std105.dollarcorp.moneycorp.local","RestrictedKrbHost/DCORP-STD105","HOST/DCORP-STD105","RestrictedKrbHost/dcorp-std105.dollarcorp.moneycorp.local","HOST/dcorp-std105.dollarcorp.moneycorp.local"],"operatingsystem":"Windows Server 2016 Standard","description":null},"Name":"DCORP-STD105.DOLLARCORP.MONEYCORP.LOCAL","PrimaryGroup":"DOMAIN COMPUTERS@DOLLARCORP.MONEYCORP.LOCAL","LocalAdmins":[],"RemoteDesktopUsers":[],"DcomUsers":[],"AllowedToDelegate":[],"Aces":null},{"Properties":{"objectsid":"S-1-5-21-1874506631-3219952063-538504511-2113","highvalue":false,"domain":"DOLLARCORP.MONEYCORP.LOCAL","enabled":true,"unconstraineddelegation":false,"lastlogon":1562272569,"pwdlastset":1560268376,"serviceprincipalnames":["WSMAN/dcorp-studadmin","WSMAN/dcorp-studadmin.dollarcorp.moneycorp.local","TERMSRV/DCORP-STUDADMIN","TERMSRV/dcorp-studadmin.dollarcorp.moneycorp.local","RestrictedKrbHost/DCORP-STUDADMIN","HOST/DCORP-STUDADMIN","RestrictedKrbHost/dcorp-studadmin.dollarcorp.moneycorp.local","HOST/dcorp-studadmin.dollarcorp.moneycorp.local"],"operatingsystem":"Windows Server 2016 Standard","description":null},"Name":"DCORP-STUDADMIN.DOLLARCORP.MONEYCORP.LOCAL","PrimaryGroup":"DOMAIN COMPUTERS@DOLLARCORP.MONEYCORP.LOCAL","LocalAdmins":[],"RemoteDesktopUsers":[],"DcomUsers":[],"AllowedToDelegate":[],"Aces":null},{"Properties":{"objectsid":"S-1-5-21-1874506631-3219952063-538504511-1128","highvalue":false,"domain":"DOLLARCORP.MONEYCORP.LOCAL","enabled":true,"unconstraineddelegation":true,"lastlogon":1562272537,"pwdlastset":1555580175,"serviceprincipalnames":["TERMSRV/DCORP-APPSRV","TERMSRV/dcorp-appsrv.dollarcorp.moneycorp.local","WSMAN/dcorp-appsrv","WSMAN/dcorp-appsrv.dollarcorp.moneycorp.local","RestrictedKrbHost/DCORP-APPSRV","HOST/DCORP-APPSRV","RestrictedKrbHost/dcorp-appsrv.dollarcorp.moneycorp.local","HOST/dcorp-appsrv.dollarcorp.moneycorp.local"],"operatingsystem":"Windows Server 2016 Standard","description":null},"Name":"DCORP-APPSRV.DOLLARCORP.MONEYCORP.LOCAL","PrimaryGroup":"DOMAIN COMPUTERS@DOLLARCORP.MONEYCORP.LOCAL","LocalAdmins":[],"RemoteDesktopUsers":[],"DcomUsers":[],"AllowedToDelegate":[],"Aces":null},{"Properties":{"objectsid":"S-1-5-21-1874506631-3219952063-538504511-1000","highvalue":false,"domain":"DOLLARCORP.MONEYCORP.LOCAL","enabled":true,"unconstraineddelegation":true,"lastlogon":1562255073,"pwdlastset":1562227587,"serviceprincipalnames":["ldap/dcorp-dc.dollarcorp.moneycorp.local/DomainDnsZones.dollarcorp.moneycorp.local","TERMSRV/DCORP-DC","TERMSRV/dcorp-dc.dollarcorp.moneycorp.local","Dfsr-12F9A27C-BF97-4787-9364-D31B6C55EB04/dcorp-dc.dollarcorp.moneycorp.local","ldap/dcorp-dc.dollarcorp.moneycorp.local/ForestDnsZones.moneycorp.local","DNS/dcorp-dc.dollarcorp.moneycorp.local","GC/dcorp-dc.dollarcorp.moneycorp.local/moneycorp.local","RestrictedKrbHost/dcorp-dc.dollarcorp.moneycorp.local","RestrictedKrbHost/DCORP-DC","RPC/9145a9b9-54d9-4c8d-98ef-c3b22790a5bd._msdcs.moneycorp.local","HOST/DCORP-DC/dcorp","HOST/dcorp-dc.dollarcorp.moneycorp.local/dcorp","HOST/DCORP-DC","HOST/dcorp-dc.dollarcorp.moneycorp.local","HOST/dcorp-dc.dollarcorp.moneycorp.local/dollarcorp.moneycorp.local","E3514235-4B06-11D1-AB04-00C04FC2DCD2/9145a9b9-54d9-4c8d-98ef-c3b22790a5bd/dollarcorp.moneycorp.local","ldap/DCORP-DC/dcorp","ldap/9145a9b9-54d9-4c8d-98ef-c3b22790a5bd._msdcs.moneycorp.local","ldap/dcorp-dc.dollarcorp.moneycorp.local/dcorp","ldap/DCORP-DC","ldap/dcorp-dc.dollarcorp.moneycorp.local","ldap/dcorp-dc.dollarcorp.moneycorp.local/dollarcorp.moneycorp.local"],"operatingsystem":"Windows Server 2016 Standard","description":null},"Name":"DCORP-DC.DOLLARCORP.MONEYCORP.LOCAL","PrimaryGroup":"DOMAIN CONTROLLERS@DOLLARCORP.MONEYCORP.LOCAL","LocalAdmins":[{"Name":"ADMINISTRATOR@DOLLARCORP.MONEYCORP.LOCAL","Type":"User"},{"Name":"DOMAIN ADMINS@DOLLARCORP.MONEYCORP.LOCAL","Type":"Group"}],"RemoteDesktopUsers":[],"DcomUsers":[],"AllowedToDelegate":[],"Aces":null}],"meta":{"count":20,"type":"computers"}}