﻿{"gpos":[{"Properties":{"highvalue":false,"description":null,"gpcpath":"\\\\dollarcorp.moneycorp.local\\sysvol\\dollarcorp.moneycorp.local\\Policies\\{31B2F340-016D-11D2-945F-00C04FB984F9}"},"Name":"DEFAULT DOMAIN POLICY@DOLLARCORP.MONEYCORP.LOCAL","Guid":"31B2F340-016D-11D2-945F-00C04FB984F9","Aces":[{"PrincipalName":"DOMAIN ADMINS@DOLLARCORP.MONEYCORP.LOCAL","PrincipalType":"group","RightName":"Owner","AceType":""},{"PrincipalName":"DOMAIN ADMINS@DOLLARCORP.MONEYCORP.LOCAL","PrincipalType":"group","RightName":"WriteOwner","AceType":""},{"PrincipalName":"DOMAIN ADMINS@DOLLARCORP.MONEYCORP.LOCAL","PrincipalType":"group","RightName":"WriteDacl","AceType":""}]},{"Properties":{"highvalue":false,"description":null,"gpcpath":"\\\\dollarcorp.moneycorp.local\\SysVol\\dollarcorp.moneycorp.local\\Policies\\{211A25B2-03AD-4E5E-9C6A-AFEFE66EFB2D}"},"Name":"APPLOCKER@DOLLARCORP.MONEYCORP.LOCAL","Guid":"211A25B2-03AD-4E5E-9C6A-AFEFE66EFB2D","Aces":[{"PrincipalName":"DOMAIN ADMINS@DOLLARCORP.MONEYCORP.LOCAL","PrincipalType":"group","RightName":"Owner","AceType":""},{"PrincipalName":"DOMAIN ADMINS@DOLLARCORP.MONEYCORP.LOCAL","PrincipalType":"group","RightName":"WriteOwner","AceType":""},{"PrincipalName":"DOMAIN ADMINS@DOLLARCORP.MONEYCORP.LOCAL","PrincipalType":"group","RightName":"WriteDacl","AceType":""}]},{"Properties":{"highvalue":false,"description":null,"gpcpath":"\\\\dollarcorp.moneycorp.local\\sysvol\\dollarcorp.moneycorp.local\\Policies\\{6AC1786C-016F-11D2-945F-00C04fB984F9}"},"Name":"DEFAULT DOMAIN CONTROLLERS POLICY@DOLLARCORP.MONEYCORP.LOCAL","Guid":"6AC1786C-016F-11D2-945F-00C04fB984F9","Aces":[{"PrincipalName":"DOMAIN ADMINS@DOLLARCORP.MONEYCORP.LOCAL","PrincipalType":"group","RightName":"Owner","AceType":""},{"PrincipalName":"DOMAIN ADMINS@DOLLARCORP.MONEYCORP.LOCAL","PrincipalType":"group","RightName":"WriteOwner","AceType":""},{"PrincipalName":"DOMAIN ADMINS@DOLLARCORP.MONEYCORP.LOCAL","PrincipalType":"group","RightName":"WriteDacl","AceType":""}]},{"Properties":{"highvalue":false,"description":null,"gpcpath":"\\\\dollarcorp.moneycorp.local\\SysVol\\dollarcorp.moneycorp.local\\Policies\\{C4F31C31-6258-4991-AAAD-454934E882AE}"},"Name":"SERVERS@DOLLARCORP.MONEYCORP.LOCAL","Guid":"C4F31C31-6258-4991-AAAD-454934E882AE","Aces":[{"PrincipalName":"DOMAIN ADMINS@DOLLARCORP.MONEYCORP.LOCAL","PrincipalType":"group","RightName":"Owner","AceType":""},{"PrincipalName":"DOMAIN ADMINS@DOLLARCORP.MONEYCORP.LOCAL","PrincipalType":"group","RightName":"WriteOwner","AceType":""},{"PrincipalName":"DOMAIN ADMINS@DOLLARCORP.MONEYCORP.LOCAL","PrincipalType":"group","RightName":"WriteDacl","AceType":""}]},{"Properties":{"highvalue":false,"description":null,"gpcpath":"\\\\dollarcorp.moneycorp.local\\SysVol\\dollarcorp.moneycorp.local\\Policies\\{3E04167E-C2B6-4A9A-8FB7-C811158DC97C}"},"Name":"STUDENTS@DOLLARCORP.MONEYCORP.LOCAL","Guid":"3E04167E-C2B6-4A9A-8FB7-C811158DC97C","Aces":[{"PrincipalName":"DOMAIN ADMINS@DOLLARCORP.MONEYCORP.LOCAL","PrincipalType":"group","RightName":"Owner","AceType":""},{"PrincipalName":"DOMAIN ADMINS@DOLLARCORP.MONEYCORP.LOCAL","PrincipalType":"group","RightName":"WriteOwner","AceType":""},{"PrincipalName":"DOMAIN ADMINS@DOLLARCORP.MONEYCORP.LOCAL","PrincipalType":"group","RightName":"WriteDacl","AceType":""}]}],"meta":{"count":5,"type":"gpos"}}