﻿{"sessions":[{"UserName":"ADMINISTRATOR@DOLLARCORP.MONEYCORP.LOCAL","ComputerName":"DCORP-DC.DOLLARCORP.MONEYCORP.LOCAL","Weight":1},{"UserName":"ADMINISTRATOR@MONEYCORP.LOCAL","ComputerName":"DCORP-DC.DOLLARCORP.MONEYCORP.LOCAL","Weight":2},{"UserName":"ADMINISTRATOR@US.DOLLARCORP.MONEYCORP.LOCAL","ComputerName":"DCORP-DC.DOLLARCORP.MONEYCORP.LOCAL","Weight":2},{"UserName":"ADMINISTRATOR@DOLLARCORP.MONEYCORP.LOCAL","ComputerName":"DCORP-DC.DOLLARCORP.MONEYCORP.LOCAL","Weight":1},{"UserName":"ADMINISTRATOR@MONEYCORP.LOCAL","ComputerName":"DCORP-DC.DOLLARCORP.MONEYCORP.LOCAL","Weight":2},{"UserName":"ADMINISTRATOR@US.DOLLARCORP.MONEYCORP.LOCAL","ComputerName":"DCORP-DC.DOLLARCORP.MONEYCORP.LOCAL","Weight":2},{"UserName":"ADMINISTRATOR@DOLLARCORP.MONEYCORP.LOCAL","ComputerName":"DCORP-DC.DOLLARCORP.MONEYCORP.LOCAL","Weight":1},{"UserName":"ADMINISTRATOR@MONEYCORP.LOCAL","ComputerName":"DCORP-DC.DOLLARCORP.MONEYCORP.LOCAL","Weight":2},{"UserName":"ADMINISTRATOR@US.DOLLARCORP.MONEYCORP.LOCAL","ComputerName":"DCORP-DC.DOLLARCORP.MONEYCORP.LOCAL","Weight":2},{"UserName":"ADMINISTRATOR@DOLLARCORP.MONEYCORP.LOCAL","ComputerName":"DCORP-DC.DOLLARCORP.MONEYCORP.LOCAL","Weight":1},{"UserName":"ADMINISTRATOR@MONEYCORP.LOCAL","ComputerName":"DCORP-DC.DOLLARCORP.MONEYCORP.LOCAL","Weight":2},{"UserName":"ADMINISTRATOR@US.DOLLARCORP.MONEYCORP.LOCAL","ComputerName":"DCORP-DC.DOLLARCORP.MONEYCORP.LOCAL","Weight":2},{"UserName":"ADMINISTRATOR@DOLLARCORP.MONEYCORP.LOCAL","ComputerName":"DCORP-DC.DOLLARCORP.MONEYCORP.LOCAL","Weight":1},{"UserName":"ADMINISTRATOR@MONEYCORP.LOCAL","ComputerName":"DCORP-DC.DOLLARCORP.MONEYCORP.LOCAL","Weight":2},{"UserName":"ADMINISTRATOR@US.DOLLARCORP.MONEYCORP.LOCAL","ComputerName":"DCORP-DC.DOLLARCORP.MONEYCORP.LOCAL","Weight":2},{"UserName":"ADMINISTRATOR@DOLLARCORP.MONEYCORP.LOCAL","ComputerName":"DCORP-DC.DOLLARCORP.MONEYCORP.LOCAL","Weight":1},{"UserName":"ADMINISTRATOR@MONEYCORP.LOCAL","ComputerName":"DCORP-DC.DOLLARCORP.MONEYCORP.LOCAL","Weight":2},{"UserName":"ADMINISTRATOR@US.DOLLARCORP.MONEYCORP.LOCAL","ComputerName":"DCORP-DC.DOLLARCORP.MONEYCORP.LOCAL","Weight":2},{"UserName":"ADMINISTRATOR@DOLLARCORP.MONEYCORP.LOCAL","ComputerName":"DCORP-DC.DOLLARCORP.MONEYCORP.LOCAL","Weight":1},{"UserName":"ADMINISTRATOR@MONEYCORP.LOCAL","ComputerName":"DCORP-DC.DOLLARCORP.MONEYCORP.LOCAL","Weight":2},{"UserName":"ADMINISTRATOR@US.DOLLARCORP.MONEYCORP.LOCAL","ComputerName":"DCORP-DC.DOLLARCORP.MONEYCORP.LOCAL","Weight":2},{"UserName":"ADMINISTRATOR@DOLLARCORP.MONEYCORP.LOCAL","ComputerName":"DCORP-DC.DOLLARCORP.MONEYCORP.LOCAL","Weight":1},{"UserName":"ADMINISTRATOR@MONEYCORP.LOCAL","ComputerName":"DCORP-DC.DOLLARCORP.MONEYCORP.LOCAL","Weight":2},{"UserName":"ADMINISTRATOR@US.DOLLARCORP.MONEYCORP.LOCAL","ComputerName":"DCORP-DC.DOLLARCORP.MONEYCORP.LOCAL","Weight":2},{"UserName":"ADMINISTRATOR@DOLLARCORP.MONEYCORP.LOCAL","ComputerName":"DCORP-DC.DOLLARCORP.MONEYCORP.LOCAL","Weight":1},{"UserName":"ADMINISTRATOR@MONEYCORP.LOCAL","ComputerName":"DCORP-DC.DOLLARCORP.MONEYCORP.LOCAL","Weight":2},{"UserName":"ADMINISTRATOR@US.DOLLARCORP.MONEYCORP.LOCAL","ComputerName":"DCORP-DC.DOLLARCORP.MONEYCORP.LOCAL","Weight":2},{"UserName":"ADMINISTRATOR@DOLLARCORP.MONEYCORP.LOCAL","ComputerName":"DCORP-DC.DOLLARCORP.MONEYCORP.LOCAL","Weight":1},{"UserName":"ADMINISTRATOR@MONEYCORP.LOCAL","ComputerName":"DCORP-DC.DOLLARCORP.MONEYCORP.LOCAL","Weight":2},{"UserName":"ADMINISTRATOR@US.DOLLARCORP.MONEYCORP.LOCAL","ComputerName":"DCORP-DC.DOLLARCORP.MONEYCORP.LOCAL","Weight":2},{"UserName":"STUDENT97@DOLLARCORP.MONEYCORP.LOCAL","ComputerName":"DCORP-STUDENT97.DOLLARCORP.MONEYCORP.LOCAL","Weight":2}],"meta":{"count":31,"type":"sessions"}}