﻿{"domains":[{"Properties":{"objectsid":"S-1-5-21-1874506631-3219952063-538504511","highvalue":true,"description":null,"functionallevel":"2016"},"Name":"DOLLARCORP.MONEYCORP.LOCAL","Links":[{"IsEnforced":false,"Name":"DEFAULT DOMAIN POLICY@DOLLARCORP.MONEYCORP.LOCAL"}],"Trusts":[{"TargetName":"US.DOLLARCORP.MONEYCORP.LOCAL","IsTransitive":true,"TrustDirection":2,"TrustType":"ParentChild"},{"TargetName":"EUROCORP.LOCAL","IsTransitive":true,"TrustDirection":2,"TrustType":"External"},{"TargetName":"DOLLARCORP.MONEYCORP.LOCAL","IsTransitive":true,"TrustDirection":1,"TrustType":"ParentChild"}],"Aces":[{"PrincipalName":"ADMINISTRATORS@DOLLARCORP.MONEYCORP.LOCAL","PrincipalType":"group","RightName":"Owner","AceType":""},{"PrincipalName":"ENTERPRISE READ-ONLY DOMAIN CONTROLLERS@MONEYCORP.LOCAL","PrincipalType":"group","RightName":"ExtendedRight","AceType":"GetChanges"},{"PrincipalName":"DOMAIN CONTROLLERS@DOLLARCORP.MONEYCORP.LOCAL","PrincipalType":"group","RightName":"ExtendedRight","AceType":"GetChangesAll"},{"PrincipalName":"ADMINISTRATORS@DOLLARCORP.MONEYCORP.LOCAL","PrincipalType":"group","RightName":"ExtendedRight","AceType":"GetChanges"},{"PrincipalName":"ADMINISTRATORS@DOLLARCORP.MONEYCORP.LOCAL","PrincipalType":"group","RightName":"ExtendedRight","AceType":"GetChangesAll"},{"PrincipalName":"ENTERPRISE DOMAIN CONTROLLERS@MONEYCORP.LOCAL","PrincipalType":"group","RightName":"ExtendedRight","AceType":"GetChanges"},{"PrincipalName":"DOMAIN ADMINS@DOLLARCORP.MONEYCORP.LOCAL","PrincipalType":"group","RightName":"WriteOwner","AceType":""},{"PrincipalName":"DOMAIN ADMINS@DOLLARCORP.MONEYCORP.LOCAL","PrincipalType":"group","RightName":"WriteDacl","AceType":""},{"PrincipalName":"DOMAIN ADMINS@DOLLARCORP.MONEYCORP.LOCAL","PrincipalType":"group","RightName":"ExtendedRight","AceType":"All"},{"PrincipalName":"ADMINISTRATORS@DOLLARCORP.MONEYCORP.LOCAL","PrincipalType":"group","RightName":"WriteOwner","AceType":""},{"PrincipalName":"ADMINISTRATORS@DOLLARCORP.MONEYCORP.LOCAL","PrincipalType":"group","RightName":"WriteDacl","AceType":""},{"PrincipalName":"ADMINISTRATORS@DOLLARCORP.MONEYCORP.LOCAL","PrincipalType":"group","RightName":"ExtendedRight","AceType":"All"}],"ChildOus":["7C088EAD-B868-47CA-A81D-E7544845CEF8","051CB518-0BF2-47E4-A3A4-EC36EDF5E662","D22AA5AA-65DF-41F4-8889-5DEB8EBA4AAA","284A1630-3D96-45C6-99A0-1F8D138F29D5"],"Computers":[],"Users":["STUDENTADMIN@DOLLARCORP.MONEYCORP.LOCAL","SQL1ADMIN@DOLLARCORP.MONEYCORP.LOCAL","SUPPORT95USER@DOLLARCORP.MONEYCORP.LOCAL","SUPPORT96USER@DOLLARCORP.MONEYCORP.LOCAL","SUPPORT97USER@DOLLARCORP.MONEYCORP.LOCAL","SUPPORT98USER@DOLLARCORP.MONEYCORP.LOCAL","SUPPORT99USER@DOLLARCORP.MONEYCORP.LOCAL","SUPPORT100USER@DOLLARCORP.MONEYCORP.LOCAL","SUPPORT101USER@DOLLARCORP.MONEYCORP.LOCAL","SUPPORT102USER@DOLLARCORP.MONEYCORP.LOCAL","SUPPORT103USER@DOLLARCORP.MONEYCORP.LOCAL","SUPPORT104USER@DOLLARCORP.MONEYCORP.LOCAL","SUPPORT105USER@DOLLARCORP.MONEYCORP.LOCAL","SUPPORT106USER@DOLLARCORP.MONEYCORP.LOCAL","CONTROL95USER@DOLLARCORP.MONEYCORP.LOCAL","CONTROL96USER@DOLLARCORP.MONEYCORP.LOCAL","CONTROL97USER@DOLLARCORP.MONEYCORP.LOCAL","CONTROL98USER@DOLLARCORP.MONEYCORP.LOCAL","CONTROL99USER@DOLLARCORP.MONEYCORP.LOCAL","CONTROL100USER@DOLLARCORP.MONEYCORP.LOCAL","CONTROL101USER@DOLLARCORP.MONEYCORP.LOCAL","CONTROL102USER@DOLLARCORP.MONEYCORP.LOCAL","CONTROL103USER@DOLLARCORP.MONEYCORP.LOCAL","CONTROL104USER@DOLLARCORP.MONEYCORP.LOCAL","CONTROL105USER@DOLLARCORP.MONEYCORP.LOCAL","CONTROL106USER@DOLLARCORP.MONEYCORP.LOCAL","VPN95USER@DOLLARCORP.MONEYCORP.LOCAL","VPN96USER@DOLLARCORP.MONEYCORP.LOCAL","VPN97USER@DOLLARCORP.MONEYCORP.LOCAL","VPN98USER@DOLLARCORP.MONEYCORP.LOCAL","VPN99USER@DOLLARCORP.MONEYCORP.LOCAL","VPN100USER@DOLLARCORP.MONEYCORP.LOCAL","VPN101USER@DOLLARCORP.MONEYCORP.LOCAL","VPN102USER@DOLLARCORP.MONEYCORP.LOCAL","VPN103USER@DOLLARCORP.MONEYCORP.LOCAL","VPN104USER@DOLLARCORP.MONEYCORP.LOCAL","VPN105USER@DOLLARCORP.MONEYCORP.LOCAL","VPN106USER@DOLLARCORP.MONEYCORP.LOCAL","TESTDA@DOLLARCORP.MONEYCORP.LOCAL","STUDENT95@DOLLARCORP.MONEYCORP.LOCAL","STUDENT96@DOLLARCORP.MONEYCORP.LOCAL","STUDENT97@DOLLARCORP.MONEYCORP.LOCAL","STUDENT98@DOLLARCORP.MONEYCORP.LOCAL","STUDENT99@DOLLARCORP.MONEYCORP.LOCAL","STUDENT100@DOLLARCORP.MONEYCORP.LOCAL","STUDENT101@DOLLARCORP.MONEYCORP.LOCAL","STUDENT102@DOLLARCORP.MONEYCORP.LOCAL","STUDENT103@DOLLARCORP.MONEYCORP.LOCAL","STUDENT104@DOLLARCORP.MONEYCORP.LOCAL","STUDENT105@DOLLARCORP.MONEYCORP.LOCAL","STUDENT106@DOLLARCORP.MONEYCORP.LOCAL","CIADMIN@DOLLARCORP.MONEYCORP.LOCAL","ADMINISTRATOR@DOLLARCORP.MONEYCORP.LOCAL","GUEST@DOLLARCORP.MONEYCORP.LOCAL","SQLADMIN@DOLLARCORP.MONEYCORP.LOCAL","DEFAULTACCOUNT@DOLLARCORP.MONEYCORP.LOCAL","WEBSVC@DOLLARCORP.MONEYCORP.LOCAL","SRVADMIN@DOLLARCORP.MONEYCORP.LOCAL","APPADMIN@DOLLARCORP.MONEYCORP.LOCAL","MGMTADMIN@DOLLARCORP.MONEYCORP.LOCAL","SVCADMIN@DOLLARCORP.MONEYCORP.LOCAL","KRBTGT@DOLLARCORP.MONEYCORP.LOCAL"]}],"meta":{"count":1,"type":"domains"}}