﻿{"users":[{"Properties":{"domain":"DOLLARCORP.MONEYCORP.LOCAL","objectsid":"S-1-5-21-1874506631-3219952063-538504511-1122","highvalue":false,"enabled":true,"lastlogon":1551589055,"pwdlastset":1550413370,"serviceprincipalnames":["MSSQLSvc/dcorp-mgmt.dollarcorp.moneycorp.local:1433","MSSQLSvc/dcorp-mgmt.dollarcorp.moneycorp.local"],"hasspn":true,"displayname":"svc admin","email":null,"title":null,"homedirectory":null,"description":"Account to be used for services which need high privileges.","userpassword":null,"sensitive":false,"dontreqpreauth":false,"admincount":true},"Name":"SVCADMIN@DOLLARCORP.MONEYCORP.LOCAL","PrimaryGroup":"DOMAIN USERS@DOLLARCORP.MONEYCORP.LOCAL","Aces":[{"PrincipalName":"DOMAIN ADMINS@DOLLARCORP.MONEYCORP.LOCAL","PrincipalType":"group","RightName":"Owner","AceType":""},{"PrincipalName":"DOMAIN ADMINS@DOLLARCORP.MONEYCORP.LOCAL","PrincipalType":"group","RightName":"GenericWrite","AceType":""},{"PrincipalName":"DOMAIN ADMINS@DOLLARCORP.MONEYCORP.LOCAL","PrincipalType":"group","RightName":"WriteOwner","AceType":""},{"PrincipalName":"DOMAIN ADMINS@DOLLARCORP.MONEYCORP.LOCAL","PrincipalType":"group","RightName":"WriteDacl","AceType":""},{"PrincipalName":"ADMINISTRATORS@DOLLARCORP.MONEYCORP.LOCAL","PrincipalType":"group","RightName":"GenericWrite","AceType":""},{"PrincipalName":"ADMINISTRATORS@DOLLARCORP.MONEYCORP.LOCAL","PrincipalType":"group","RightName":"WriteOwner","AceType":""},{"PrincipalName":"ADMINISTRATORS@DOLLARCORP.MONEYCORP.LOCAL","PrincipalType":"group","RightName":"WriteDacl","AceType":""}],"AllowedToDelegate":[]},{"Properties":{"domain":"DOLLARCORP.MONEYCORP.LOCAL","objectsid":"S-1-5-21-1874506631-3219952063-538504511-502","highvalue":false,"enabled":false,"lastlogon":0,"pwdlastset":1550386906,"serviceprincipalnames":["kadmin/changepw"],"hasspn":true,"displayname":null,"email":null,"title":null,"homedirectory":null,"description":"Key Distribution Center Service Account","userpassword":null,"sensitive":false,"dontreqpreauth":false,"admincount":true},"Name":"KRBTGT@DOLLARCORP.MONEYCORP.LOCAL","PrimaryGroup":"DOMAIN USERS@DOLLARCORP.MONEYCORP.LOCAL","Aces":[{"PrincipalName":"DOMAIN ADMINS@DOLLARCORP.MONEYCORP.LOCAL","PrincipalType":"group","RightName":"Owner","AceType":""},{"PrincipalName":"DOMAIN ADMINS@DOLLARCORP.MONEYCORP.LOCAL","PrincipalType":"group","RightName":"GenericWrite","AceType":""},{"PrincipalName":"DOMAIN ADMINS@DOLLARCORP.MONEYCORP.LOCAL","PrincipalType":"group","RightName":"WriteOwner","AceType":""},{"PrincipalName":"DOMAIN ADMINS@DOLLARCORP.MONEYCORP.LOCAL","PrincipalType":"group","RightName":"WriteDacl","AceType":""},{"PrincipalName":"ADMINISTRATORS@DOLLARCORP.MONEYCORP.LOCAL","PrincipalType":"group","RightName":"GenericWrite","AceType":""},{"PrincipalName":"ADMINISTRATORS@DOLLARCORP.MONEYCORP.LOCAL","PrincipalType":"group","RightName":"WriteOwner","AceType":""},{"PrincipalName":"ADMINISTRATORS@DOLLARCORP.MONEYCORP.LOCAL","PrincipalType":"group","RightName":"WriteDacl","AceType":""}],"AllowedToDelegate":[]},{"Properties":{"domain":"DOLLARCORP.MONEYCORP.LOCAL","objectsid":"S-1-5-21-1874506631-3219952063-538504511-500","highvalue":false,"enabled":true,"lastlogon":1562347680,"pwdlastset":1550380451,"serviceprincipalnames":[],"hasspn":false,"displayname":null,"email":null,"title":null,"homedirectory":null,"description":"Built-in account for administering the computer/domain","userpassword":null,"sensitive":false,"dontreqpreauth":false,"admincount":true},"Name":"ADMINISTRATOR@DOLLARCORP.MONEYCORP.LOCAL","PrimaryGroup":"DOMAIN USERS@DOLLARCORP.MONEYCORP.LOCAL","Aces":[{"PrincipalName":"DOMAIN ADMINS@DOLLARCORP.MONEYCORP.LOCAL","PrincipalType":"group","RightName":"Owner","AceType":""},{"PrincipalName":"DOMAIN ADMINS@DOLLARCORP.MONEYCORP.LOCAL","PrincipalType":"group","RightName":"GenericWrite","AceType":""},{"PrincipalName":"DOMAIN ADMINS@DOLLARCORP.MONEYCORP.LOCAL","PrincipalType":"group","RightName":"WriteOwner","AceType":""},{"PrincipalName":"DOMAIN ADMINS@DOLLARCORP.MONEYCORP.LOCAL","PrincipalType":"group","RightName":"WriteDacl","AceType":""},{"PrincipalName":"ADMINISTRATORS@DOLLARCORP.MONEYCORP.LOCAL","PrincipalType":"group","RightName":"GenericWrite","AceType":""},{"PrincipalName":"ADMINISTRATORS@DOLLARCORP.MONEYCORP.LOCAL","PrincipalType":"group","RightName":"WriteOwner","AceType":""},{"PrincipalName":"ADMINISTRATORS@DOLLARCORP.MONEYCORP.LOCAL","PrincipalType":"group","RightName":"WriteDacl","AceType":""}],"AllowedToDelegate":[]},{"Properties":{"domain":"DOLLARCORP.MONEYCORP.LOCAL","objectsid":"S-1-5-21-1874506631-3219952063-538504511-1113","highvalue":false,"allowedtodelegate":["CIFS/dcorp-mssql.dollarcorp.moneycorp.LOCAL","CIFS/dcorp-mssql"],"enabled":true,"lastlogon":1550764273,"pwdlastset":1550408466,"serviceprincipalnames":["SNMP/ufc-adminsrv.dollarcorp.moneycorp.LOCAL","SNMP/ufc-adminsrv"],"hasspn":true,"displayname":"web svc","email":null,"title":null,"homedirectory":null,"description":null,"userpassword":null,"sensitive":false,"dontreqpreauth":false,"admincount":false},"Name":"WEBSVC@DOLLARCORP.MONEYCORP.LOCAL","PrimaryGroup":"DOMAIN USERS@DOLLARCORP.MONEYCORP.LOCAL","Aces":[{"PrincipalName":"DOMAIN ADMINS@DOLLARCORP.MONEYCORP.LOCAL","PrincipalType":"group","RightName":"Owner","AceType":""},{"PrincipalName":"DOMAIN ADMINS@DOLLARCORP.MONEYCORP.LOCAL","PrincipalType":"group","RightName":"GenericAll","AceType":""},{"PrincipalName":"ACCOUNT OPERATORS@DOLLARCORP.MONEYCORP.LOCAL","PrincipalType":"group","RightName":"GenericAll","AceType":""},{"PrincipalName":"ADMINISTRATORS@DOLLARCORP.MONEYCORP.LOCAL","PrincipalType":"group","RightName":"GenericWrite","AceType":""},{"PrincipalName":"ADMINISTRATORS@DOLLARCORP.MONEYCORP.LOCAL","PrincipalType":"group","RightName":"WriteOwner","AceType":""},{"PrincipalName":"ADMINISTRATORS@DOLLARCORP.MONEYCORP.LOCAL","PrincipalType":"group","RightName":"WriteDacl","AceType":""}],"AllowedToDelegate":["DCORP-MSSQL.DOLLARCORP.MONEYCORP.LOCAL"]},{"Properties":{"domain":"DOLLARCORP.MONEYCORP.LOCAL","objectsid":"S-1-5-21-1874506631-3219952063-538504511-1109","highvalue":false,"enabled":true,"lastlogon":1562322384,"pwdlastset":1550403627,"serviceprincipalnames":[],"hasspn":false,"displayname":"ci admin","email":null,"title":null,"homedirectory":null,"description":null,"userpassword":null,"sensitive":false,"dontreqpreauth":false,"admincount":false},"Name":"CIADMIN@DOLLARCORP.MONEYCORP.LOCAL","PrimaryGroup":"DOMAIN USERS@DOLLARCORP.MONEYCORP.LOCAL","Aces":[{"PrincipalName":"DOMAIN ADMINS@DOLLARCORP.MONEYCORP.LOCAL","PrincipalType":"group","RightName":"Owner","AceType":""},{"PrincipalName":"DOMAIN ADMINS@DOLLARCORP.MONEYCORP.LOCAL","PrincipalType":"group","RightName":"GenericAll","AceType":""},{"PrincipalName":"ACCOUNT OPERATORS@DOLLARCORP.MONEYCORP.LOCAL","PrincipalType":"group","RightName":"GenericAll","AceType":""},{"PrincipalName":"ADMINISTRATORS@DOLLARCORP.MONEYCORP.LOCAL","PrincipalType":"group","RightName":"GenericWrite","AceType":""},{"PrincipalName":"ADMINISTRATORS@DOLLARCORP.MONEYCORP.LOCAL","PrincipalType":"group","RightName":"WriteOwner","AceType":""},{"PrincipalName":"ADMINISTRATORS@DOLLARCORP.MONEYCORP.LOCAL","PrincipalType":"group","RightName":"WriteDacl","AceType":""}],"AllowedToDelegate":[]},{"Properties":{"domain":"DOLLARCORP.MONEYCORP.LOCAL","objectsid":"S-1-5-21-1874506631-3219952063-538504511-1121","highvalue":false,"enabled":true,"lastlogon":1562317227,"pwdlastset":1550412992,"serviceprincipalnames":[],"hasspn":false,"displayname":"mgmt admin","email":null,"title":null,"homedirectory":null,"description":null,"userpassword":null,"sensitive":false,"dontreqpreauth":false,"admincount":false},"Name":"MGMTADMIN@DOLLARCORP.MONEYCORP.LOCAL","PrimaryGroup":"DOMAIN USERS@DOLLARCORP.MONEYCORP.LOCAL","Aces":[{"PrincipalName":"DOMAIN ADMINS@DOLLARCORP.MONEYCORP.LOCAL","PrincipalType":"group","RightName":"Owner","AceType":""},{"PrincipalName":"DOMAIN ADMINS@DOLLARCORP.MONEYCORP.LOCAL","PrincipalType":"group","RightName":"GenericAll","AceType":""},{"PrincipalName":"ACCOUNT OPERATORS@DOLLARCORP.MONEYCORP.LOCAL","PrincipalType":"group","RightName":"GenericAll","AceType":""},{"PrincipalName":"ADMINISTRATORS@DOLLARCORP.MONEYCORP.LOCAL","PrincipalType":"group","RightName":"GenericWrite","AceType":""},{"PrincipalName":"ADMINISTRATORS@DOLLARCORP.MONEYCORP.LOCAL","PrincipalType":"group","RightName":"WriteOwner","AceType":""},{"PrincipalName":"ADMINISTRATORS@DOLLARCORP.MONEYCORP.LOCAL","PrincipalType":"group","RightName":"WriteDacl","AceType":""}],"AllowedToDelegate":[]},{"Properties":{"domain":"DOLLARCORP.MONEYCORP.LOCAL","objectsid":"S-1-5-21-1874506631-3219952063-538504511-1136","highvalue":false,"enabled":true,"lastlogon":1562317962,"pwdlastset":1550419342,"serviceprincipalnames":[],"hasspn":false,"displayname":"sql1 admin","email":null,"title":null,"homedirectory":null,"description":null,"userpassword":null,"sensitive":false,"dontreqpreauth":false,"admincount":false},"Name":"SQL1ADMIN@DOLLARCORP.MONEYCORP.LOCAL","PrimaryGroup":"DOMAIN USERS@DOLLARCORP.MONEYCORP.LOCAL","Aces":[{"PrincipalName":"DOMAIN ADMINS@DOLLARCORP.MONEYCORP.LOCAL","PrincipalType":"group","RightName":"Owner","AceType":""},{"PrincipalName":"DOMAIN ADMINS@DOLLARCORP.MONEYCORP.LOCAL","PrincipalType":"group","RightName":"GenericAll","AceType":""},{"PrincipalName":"ACCOUNT OPERATORS@DOLLARCORP.MONEYCORP.LOCAL","PrincipalType":"group","RightName":"GenericAll","AceType":""},{"PrincipalName":"ADMINISTRATORS@DOLLARCORP.MONEYCORP.LOCAL","PrincipalType":"group","RightName":"GenericWrite","AceType":""},{"PrincipalName":"ADMINISTRATORS@DOLLARCORP.MONEYCORP.LOCAL","PrincipalType":"group","RightName":"WriteOwner","AceType":""},{"PrincipalName":"ADMINISTRATORS@DOLLARCORP.MONEYCORP.LOCAL","PrincipalType":"group","RightName":"WriteDacl","AceType":""}],"AllowedToDelegate":[]},{"Properties":{"domain":"DOLLARCORP.MONEYCORP.LOCAL","objectsid":"S-1-5-21-1874506631-3219952063-538504511-1117","highvalue":false,"enabled":true,"lastlogon":1562322308,"pwdlastset":1550410061,"serviceprincipalnames":[],"hasspn":false,"displayname":"app admin","email":null,"title":null,"homedirectory":null,"description":null,"userpassword":null,"sensitive":false,"dontreqpreauth":false,"admincount":false},"Name":"APPADMIN@DOLLARCORP.MONEYCORP.LOCAL","PrimaryGroup":"DOMAIN USERS@DOLLARCORP.MONEYCORP.LOCAL","Aces":[{"PrincipalName":"DOMAIN ADMINS@DOLLARCORP.MONEYCORP.LOCAL","PrincipalType":"group","RightName":"Owner","AceType":""},{"PrincipalName":"DOMAIN ADMINS@DOLLARCORP.MONEYCORP.LOCAL","PrincipalType":"group","RightName":"GenericAll","AceType":""},{"PrincipalName":"ACCOUNT OPERATORS@DOLLARCORP.MONEYCORP.LOCAL","PrincipalType":"group","RightName":"GenericAll","AceType":""},{"PrincipalName":"ADMINISTRATORS@DOLLARCORP.MONEYCORP.LOCAL","PrincipalType":"group","RightName":"GenericWrite","AceType":""},{"PrincipalName":"ADMINISTRATORS@DOLLARCORP.MONEYCORP.LOCAL","PrincipalType":"group","RightName":"WriteOwner","AceType":""},{"PrincipalName":"ADMINISTRATORS@DOLLARCORP.MONEYCORP.LOCAL","PrincipalType":"group","RightName":"WriteDacl","AceType":""}],"AllowedToDelegate":[]},{"Properties":{"domain":"DOLLARCORP.MONEYCORP.LOCAL","objectsid":"S-1-5-21-1874506631-3219952063-538504511-1112","highvalue":false,"enabled":true,"lastlogon":1562316732,"pwdlastset":1550408096,"serviceprincipalnames":[],"hasspn":false,"displayname":"sql admin","email":null,"title":null,"homedirectory":null,"description":null,"userpassword":null,"sensitive":false,"dontreqpreauth":false,"admincount":false},"Name":"SQLADMIN@DOLLARCORP.MONEYCORP.LOCAL","PrimaryGroup":"DOMAIN USERS@DOLLARCORP.MONEYCORP.LOCAL","Aces":[{"PrincipalName":"DOMAIN ADMINS@DOLLARCORP.MONEYCORP.LOCAL","PrincipalType":"group","RightName":"Owner","AceType":""},{"PrincipalName":"DOMAIN ADMINS@DOLLARCORP.MONEYCORP.LOCAL","PrincipalType":"group","RightName":"GenericAll","AceType":""},{"PrincipalName":"ACCOUNT OPERATORS@DOLLARCORP.MONEYCORP.LOCAL","PrincipalType":"group","RightName":"GenericAll","AceType":""},{"PrincipalName":"ADMINISTRATORS@DOLLARCORP.MONEYCORP.LOCAL","PrincipalType":"group","RightName":"GenericWrite","AceType":""},{"PrincipalName":"ADMINISTRATORS@DOLLARCORP.MONEYCORP.LOCAL","PrincipalType":"group","RightName":"WriteOwner","AceType":""},{"PrincipalName":"ADMINISTRATORS@DOLLARCORP.MONEYCORP.LOCAL","PrincipalType":"group","RightName":"WriteDacl","AceType":""}],"AllowedToDelegate":[]},{"Properties":{"domain":"DOLLARCORP.MONEYCORP.LOCAL","objectsid":"S-1-5-21-1874506631-3219952063-538504511-1211","highvalue":false,"enabled":true,"lastlogon":0,"pwdlastset":1550488307,"serviceprincipalnames":[],"hasspn":false,"displayname":"test da","email":null,"title":null,"homedirectory":null,"description":"Not what the name implies ;)","userpassword":null,"sensitive":false,"dontreqpreauth":false,"admincount":false},"Name":"TESTDA@DOLLARCORP.MONEYCORP.LOCAL","PrimaryGroup":"DOMAIN USERS@DOLLARCORP.MONEYCORP.LOCAL","Aces":[{"PrincipalName":"DOMAIN ADMINS@DOLLARCORP.MONEYCORP.LOCAL","PrincipalType":"group","RightName":"Owner","AceType":""},{"PrincipalName":"DOMAIN ADMINS@DOLLARCORP.MONEYCORP.LOCAL","PrincipalType":"group","RightName":"GenericAll","AceType":""},{"PrincipalName":"ACCOUNT OPERATORS@DOLLARCORP.MONEYCORP.LOCAL","PrincipalType":"group","RightName":"GenericAll","AceType":""},{"PrincipalName":"ADMINISTRATORS@DOLLARCORP.MONEYCORP.LOCAL","PrincipalType":"group","RightName":"GenericWrite","AceType":""},{"PrincipalName":"ADMINISTRATORS@DOLLARCORP.MONEYCORP.LOCAL","PrincipalType":"group","RightName":"WriteOwner","AceType":""},{"PrincipalName":"ADMINISTRATORS@DOLLARCORP.MONEYCORP.LOCAL","PrincipalType":"group","RightName":"WriteDacl","AceType":""}],"AllowedToDelegate":[]},{"Properties":{"domain":"DOLLARCORP.MONEYCORP.LOCAL","objectsid":"S-1-5-21-1874506631-3219952063-538504511-1131","highvalue":false,"enabled":true,"lastlogon":1560268238,"pwdlastset":1550416708,"serviceprincipalnames":[],"hasspn":false,"displayname":"studentadmin","email":null,"title":null,"homedirectory":null,"description":null,"userpassword":null,"sensitive":false,"dontreqpreauth":false,"admincount":false},"Name":"STUDENTADMIN@DOLLARCORP.MONEYCORP.LOCAL","PrimaryGroup":"DOMAIN USERS@DOLLARCORP.MONEYCORP.LOCAL","Aces":[{"PrincipalName":"DOMAIN ADMINS@DOLLARCORP.MONEYCORP.LOCAL","PrincipalType":"group","RightName":"Owner","AceType":""},{"PrincipalName":"DOMAIN ADMINS@DOLLARCORP.MONEYCORP.LOCAL","PrincipalType":"group","RightName":"GenericAll","AceType":""},{"PrincipalName":"ACCOUNT OPERATORS@DOLLARCORP.MONEYCORP.LOCAL","PrincipalType":"group","RightName":"GenericAll","AceType":""},{"PrincipalName":"ADMINISTRATORS@DOLLARCORP.MONEYCORP.LOCAL","PrincipalType":"group","RightName":"GenericWrite","AceType":""},{"PrincipalName":"ADMINISTRATORS@DOLLARCORP.MONEYCORP.LOCAL","PrincipalType":"group","RightName":"WriteOwner","AceType":""},{"PrincipalName":"ADMINISTRATORS@DOLLARCORP.MONEYCORP.LOCAL","PrincipalType":"group","RightName":"WriteDacl","AceType":""}],"AllowedToDelegate":[]},{"Properties":{"domain":"DOLLARCORP.MONEYCORP.LOCAL","objectsid":"S-1-5-21-1874506631-3219952063-538504511-1604","highvalue":false,"enabled":true,"lastlogon":1559056522,"pwdlastset":1559056410,"serviceprincipalnames":[],"hasspn":false,"displayname":"student98","email":null,"title":null,"homedirectory":null,"description":null,"userpassword":null,"sensitive":false,"dontreqpreauth":false,"admincount":false},"Name":"STUDENT98@DOLLARCORP.MONEYCORP.LOCAL","PrimaryGroup":"DOMAIN USERS@DOLLARCORP.MONEYCORP.LOCAL","Aces":[{"PrincipalName":"DOMAIN ADMINS@DOLLARCORP.MONEYCORP.LOCAL","PrincipalType":"group","RightName":"Owner","AceType":""},{"PrincipalName":"DOMAIN ADMINS@DOLLARCORP.MONEYCORP.LOCAL","PrincipalType":"group","RightName":"GenericAll","AceType":""},{"PrincipalName":"ACCOUNT OPERATORS@DOLLARCORP.MONEYCORP.LOCAL","PrincipalType":"group","RightName":"GenericAll","AceType":""},{"PrincipalName":"ADMINISTRATORS@DOLLARCORP.MONEYCORP.LOCAL","PrincipalType":"group","RightName":"GenericWrite","AceType":""},{"PrincipalName":"ADMINISTRATORS@DOLLARCORP.MONEYCORP.LOCAL","PrincipalType":"group","RightName":"WriteOwner","AceType":""},{"PrincipalName":"ADMINISTRATORS@DOLLARCORP.MONEYCORP.LOCAL","PrincipalType":"group","RightName":"WriteDacl","AceType":""}],"AllowedToDelegate":[]},{"Properties":{"domain":"DOLLARCORP.MONEYCORP.LOCAL","objectsid":"S-1-5-21-1874506631-3219952063-538504511-1607","highvalue":false,"enabled":true,"lastlogon":1562342564,"pwdlastset":1550927513,"serviceprincipalnames":[],"hasspn":false,"displayname":"student101","email":null,"title":null,"homedirectory":null,"description":null,"userpassword":null,"sensitive":false,"dontreqpreauth":false,"admincount":false},"Name":"STUDENT101@DOLLARCORP.MONEYCORP.LOCAL","PrimaryGroup":"DOMAIN USERS@DOLLARCORP.MONEYCORP.LOCAL","Aces":[{"PrincipalName":"DOMAIN ADMINS@DOLLARCORP.MONEYCORP.LOCAL","PrincipalType":"group","RightName":"Owner","AceType":""},{"PrincipalName":"DOMAIN ADMINS@DOLLARCORP.MONEYCORP.LOCAL","PrincipalType":"group","RightName":"GenericAll","AceType":""},{"PrincipalName":"ACCOUNT OPERATORS@DOLLARCORP.MONEYCORP.LOCAL","PrincipalType":"group","RightName":"GenericAll","AceType":""},{"PrincipalName":"ADMINISTRATORS@DOLLARCORP.MONEYCORP.LOCAL","PrincipalType":"group","RightName":"GenericWrite","AceType":""},{"PrincipalName":"ADMINISTRATORS@DOLLARCORP.MONEYCORP.LOCAL","PrincipalType":"group","RightName":"WriteOwner","AceType":""},{"PrincipalName":"ADMINISTRATORS@DOLLARCORP.MONEYCORP.LOCAL","PrincipalType":"group","RightName":"WriteDacl","AceType":""}],"AllowedToDelegate":[]},{"Properties":{"domain":"DOLLARCORP.MONEYCORP.LOCAL","objectsid":"S-1-5-21-1874506631-3219952063-538504511-1601","highvalue":false,"enabled":true,"lastlogon":1551085060,"pwdlastset":1550927283,"serviceprincipalnames":[],"hasspn":false,"displayname":"student95","email":null,"title":null,"homedirectory":null,"description":null,"userpassword":null,"sensitive":false,"dontreqpreauth":false,"admincount":false},"Name":"STUDENT95@DOLLARCORP.MONEYCORP.LOCAL","PrimaryGroup":"DOMAIN USERS@DOLLARCORP.MONEYCORP.LOCAL","Aces":[{"PrincipalName":"DOMAIN ADMINS@DOLLARCORP.MONEYCORP.LOCAL","PrincipalType":"group","RightName":"Owner","AceType":""},{"PrincipalName":"DOMAIN ADMINS@DOLLARCORP.MONEYCORP.LOCAL","PrincipalType":"group","RightName":"GenericAll","AceType":""},{"PrincipalName":"ACCOUNT OPERATORS@DOLLARCORP.MONEYCORP.LOCAL","PrincipalType":"group","RightName":"GenericAll","AceType":""},{"PrincipalName":"ADMINISTRATORS@DOLLARCORP.MONEYCORP.LOCAL","PrincipalType":"group","RightName":"GenericWrite","AceType":""},{"PrincipalName":"ADMINISTRATORS@DOLLARCORP.MONEYCORP.LOCAL","PrincipalType":"group","RightName":"WriteOwner","AceType":""},{"PrincipalName":"ADMINISTRATORS@DOLLARCORP.MONEYCORP.LOCAL","PrincipalType":"group","RightName":"WriteDacl","AceType":""}],"AllowedToDelegate":[]},{"Properties":{"domain":"DOLLARCORP.MONEYCORP.LOCAL","objectsid":"S-1-5-21-1874506631-3219952063-538504511-1605","highvalue":false,"enabled":true,"lastlogon":1556285698,"pwdlastset":1550927391,"serviceprincipalnames":[],"hasspn":false,"displayname":"student99","email":null,"title":null,"homedirectory":null,"description":null,"userpassword":null,"sensitive":false,"dontreqpreauth":false,"admincount":false},"Name":"STUDENT99@DOLLARCORP.MONEYCORP.LOCAL","PrimaryGroup":"DOMAIN USERS@DOLLARCORP.MONEYCORP.LOCAL","Aces":[{"PrincipalName":"DOMAIN ADMINS@DOLLARCORP.MONEYCORP.LOCAL","PrincipalType":"group","RightName":"Owner","AceType":""},{"PrincipalName":"DOMAIN ADMINS@DOLLARCORP.MONEYCORP.LOCAL","PrincipalType":"group","RightName":"GenericAll","AceType":""},{"PrincipalName":"ACCOUNT OPERATORS@DOLLARCORP.MONEYCORP.LOCAL","PrincipalType":"group","RightName":"GenericAll","AceType":""},{"PrincipalName":"ADMINISTRATORS@DOLLARCORP.MONEYCORP.LOCAL","PrincipalType":"group","RightName":"GenericWrite","AceType":""},{"PrincipalName":"ADMINISTRATORS@DOLLARCORP.MONEYCORP.LOCAL","PrincipalType":"group","RightName":"WriteOwner","AceType":""},{"PrincipalName":"ADMINISTRATORS@DOLLARCORP.MONEYCORP.LOCAL","PrincipalType":"group","RightName":"WriteDacl","AceType":""}],"AllowedToDelegate":[]},{"Properties":{"domain":"DOLLARCORP.MONEYCORP.LOCAL","objectsid":"S-1-5-21-1874506631-3219952063-538504511-1602","highvalue":false,"enabled":true,"lastlogon":1557729648,"pwdlastset":1550927308,"serviceprincipalnames":[],"hasspn":false,"displayname":"student96","email":null,"title":null,"homedirectory":null,"description":null,"userpassword":null,"sensitive":false,"dontreqpreauth":false,"admincount":false},"Name":"STUDENT96@DOLLARCORP.MONEYCORP.LOCAL","PrimaryGroup":"DOMAIN USERS@DOLLARCORP.MONEYCORP.LOCAL","Aces":[{"PrincipalName":"DOMAIN ADMINS@DOLLARCORP.MONEYCORP.LOCAL","PrincipalType":"group","RightName":"Owner","AceType":""},{"PrincipalName":"DOMAIN ADMINS@DOLLARCORP.MONEYCORP.LOCAL","PrincipalType":"group","RightName":"GenericAll","AceType":""},{"PrincipalName":"ACCOUNT OPERATORS@DOLLARCORP.MONEYCORP.LOCAL","PrincipalType":"group","RightName":"GenericAll","AceType":""},{"PrincipalName":"ADMINISTRATORS@DOLLARCORP.MONEYCORP.LOCAL","PrincipalType":"group","RightName":"GenericWrite","AceType":""},{"PrincipalName":"ADMINISTRATORS@DOLLARCORP.MONEYCORP.LOCAL","PrincipalType":"group","RightName":"WriteOwner","AceType":""},{"PrincipalName":"ADMINISTRATORS@DOLLARCORP.MONEYCORP.LOCAL","PrincipalType":"group","RightName":"WriteDacl","AceType":""}],"AllowedToDelegate":[]},{"Properties":{"domain":"DOLLARCORP.MONEYCORP.LOCAL","objectsid":"S-1-5-21-1874506631-3219952063-538504511-1115","highvalue":false,"enabled":true,"lastlogon":1562320049,"pwdlastset":1550409987,"serviceprincipalnames":[],"hasspn":false,"displayname":"srv admin","email":null,"title":null,"homedirectory":null,"description":null,"userpassword":null,"sensitive":false,"dontreqpreauth":false,"admincount":false},"Name":"SRVADMIN@DOLLARCORP.MONEYCORP.LOCAL","PrimaryGroup":"DOMAIN USERS@DOLLARCORP.MONEYCORP.LOCAL","Aces":[{"PrincipalName":"DOMAIN ADMINS@DOLLARCORP.MONEYCORP.LOCAL","PrincipalType":"group","RightName":"Owner","AceType":""},{"PrincipalName":"DOMAIN ADMINS@DOLLARCORP.MONEYCORP.LOCAL","PrincipalType":"group","RightName":"GenericAll","AceType":""},{"PrincipalName":"ACCOUNT OPERATORS@DOLLARCORP.MONEYCORP.LOCAL","PrincipalType":"group","RightName":"GenericAll","AceType":""},{"PrincipalName":"ADMINISTRATORS@DOLLARCORP.MONEYCORP.LOCAL","PrincipalType":"group","RightName":"GenericWrite","AceType":""},{"PrincipalName":"ADMINISTRATORS@DOLLARCORP.MONEYCORP.LOCAL","PrincipalType":"group","RightName":"WriteOwner","AceType":""},{"PrincipalName":"ADMINISTRATORS@DOLLARCORP.MONEYCORP.LOCAL","PrincipalType":"group","RightName":"WriteDacl","AceType":""}],"AllowedToDelegate":[]},{"Properties":{"domain":"DOLLARCORP.MONEYCORP.LOCAL","objectsid":"S-1-5-21-1874506631-3219952063-538504511-1608","highvalue":false,"enabled":true,"lastlogon":1562347693,"pwdlastset":1550927522,"serviceprincipalnames":[],"hasspn":false,"displayname":"student102","email":null,"title":null,"homedirectory":null,"description":null,"userpassword":null,"sensitive":false,"dontreqpreauth":false,"admincount":false},"Name":"STUDENT102@DOLLARCORP.MONEYCORP.LOCAL","PrimaryGroup":"DOMAIN USERS@DOLLARCORP.MONEYCORP.LOCAL","Aces":[{"PrincipalName":"DOMAIN ADMINS@DOLLARCORP.MONEYCORP.LOCAL","PrincipalType":"group","RightName":"Owner","AceType":""},{"PrincipalName":"DOMAIN ADMINS@DOLLARCORP.MONEYCORP.LOCAL","PrincipalType":"group","RightName":"GenericAll","AceType":""},{"PrincipalName":"ACCOUNT OPERATORS@DOLLARCORP.MONEYCORP.LOCAL","PrincipalType":"group","RightName":"GenericAll","AceType":""},{"PrincipalName":"ADMINISTRATORS@DOLLARCORP.MONEYCORP.LOCAL","PrincipalType":"group","RightName":"GenericWrite","AceType":""},{"PrincipalName":"ADMINISTRATORS@DOLLARCORP.MONEYCORP.LOCAL","PrincipalType":"group","RightName":"WriteOwner","AceType":""},{"PrincipalName":"ADMINISTRATORS@DOLLARCORP.MONEYCORP.LOCAL","PrincipalType":"group","RightName":"WriteDacl","AceType":""}],"AllowedToDelegate":[]},{"Properties":{"domain":"DOLLARCORP.MONEYCORP.LOCAL","objectsid":"S-1-5-21-1874506631-3219952063-538504511-1603","highvalue":false,"enabled":true,"lastlogon":1551586346,"pwdlastset":1550927333,"serviceprincipalnames":[],"hasspn":false,"displayname":"student97","email":null,"title":null,"homedirectory":null,"description":null,"userpassword":null,"sensitive":false,"dontreqpreauth":false,"admincount":false},"Name":"STUDENT97@DOLLARCORP.MONEYCORP.LOCAL","PrimaryGroup":"DOMAIN USERS@DOLLARCORP.MONEYCORP.LOCAL","Aces":[{"PrincipalName":"DOMAIN ADMINS@DOLLARCORP.MONEYCORP.LOCAL","PrincipalType":"group","RightName":"Owner","AceType":""},{"PrincipalName":"DOMAIN ADMINS@DOLLARCORP.MONEYCORP.LOCAL","PrincipalType":"group","RightName":"GenericAll","AceType":""},{"PrincipalName":"ACCOUNT OPERATORS@DOLLARCORP.MONEYCORP.LOCAL","PrincipalType":"group","RightName":"GenericAll","AceType":""},{"PrincipalName":"ADMINISTRATORS@DOLLARCORP.MONEYCORP.LOCAL","PrincipalType":"group","RightName":"GenericWrite","AceType":""},{"PrincipalName":"ADMINISTRATORS@DOLLARCORP.MONEYCORP.LOCAL","PrincipalType":"group","RightName":"WriteOwner","AceType":""},{"PrincipalName":"ADMINISTRATORS@DOLLARCORP.MONEYCORP.LOCAL","PrincipalType":"group","RightName":"WriteDacl","AceType":""}],"AllowedToDelegate":[]},{"Properties":{"domain":"DOLLARCORP.MONEYCORP.LOCAL","objectsid":"S-1-5-21-1874506631-3219952063-538504511-503","highvalue":false,"enabled":false,"lastlogon":0,"pwdlastset":0,"serviceprincipalnames":[],"hasspn":false,"displayname":null,"email":null,"title":null,"homedirectory":null,"description":"A user account managed by the system.","userpassword":null,"sensitive":false,"dontreqpreauth":false,"admincount":false},"Name":"DEFAULTACCOUNT@DOLLARCORP.MONEYCORP.LOCAL","PrimaryGroup":"DOMAIN USERS@DOLLARCORP.MONEYCORP.LOCAL","Aces":[{"PrincipalName":"ADMINISTRATORS@DOLLARCORP.MONEYCORP.LOCAL","PrincipalType":"group","RightName":"Owner","AceType":""},{"PrincipalName":"DOMAIN ADMINS@DOLLARCORP.MONEYCORP.LOCAL","PrincipalType":"group","RightName":"GenericAll","AceType":""},{"PrincipalName":"ACCOUNT OPERATORS@DOLLARCORP.MONEYCORP.LOCAL","PrincipalType":"group","RightName":"GenericAll","AceType":""},{"PrincipalName":"ADMINISTRATORS@DOLLARCORP.MONEYCORP.LOCAL","PrincipalType":"group","RightName":"GenericWrite","AceType":""},{"PrincipalName":"ADMINISTRATORS@DOLLARCORP.MONEYCORP.LOCAL","PrincipalType":"group","RightName":"WriteOwner","AceType":""},{"PrincipalName":"ADMINISTRATORS@DOLLARCORP.MONEYCORP.LOCAL","PrincipalType":"group","RightName":"WriteDacl","AceType":""}],"AllowedToDelegate":[]},{"Properties":{"domain":"DOLLARCORP.MONEYCORP.LOCAL","objectsid":"S-1-5-21-1874506631-3219952063-538504511-1606","highvalue":false,"enabled":true,"lastlogon":1556690483,"pwdlastset":1550927506,"serviceprincipalnames":[],"hasspn":false,"displayname":"student100","email":null,"title":null,"homedirectory":null,"description":null,"userpassword":null,"sensitive":false,"dontreqpreauth":false,"admincount":false},"Name":"STUDENT100@DOLLARCORP.MONEYCORP.LOCAL","PrimaryGroup":"DOMAIN USERS@DOLLARCORP.MONEYCORP.LOCAL","Aces":[{"PrincipalName":"DOMAIN ADMINS@DOLLARCORP.MONEYCORP.LOCAL","PrincipalType":"group","RightName":"Owner","AceType":""},{"PrincipalName":"DOMAIN ADMINS@DOLLARCORP.MONEYCORP.LOCAL","PrincipalType":"group","RightName":"GenericAll","AceType":""},{"PrincipalName":"ACCOUNT OPERATORS@DOLLARCORP.MONEYCORP.LOCAL","PrincipalType":"group","RightName":"GenericAll","AceType":""},{"PrincipalName":"ADMINISTRATORS@DOLLARCORP.MONEYCORP.LOCAL","PrincipalType":"group","RightName":"GenericWrite","AceType":""},{"PrincipalName":"ADMINISTRATORS@DOLLARCORP.MONEYCORP.LOCAL","PrincipalType":"group","RightName":"WriteOwner","AceType":""},{"PrincipalName":"ADMINISTRATORS@DOLLARCORP.MONEYCORP.LOCAL","PrincipalType":"group","RightName":"WriteDacl","AceType":""}],"AllowedToDelegate":[]},{"Properties":{"domain":"DOLLARCORP.MONEYCORP.LOCAL","objectsid":"S-1-5-21-1874506631-3219952063-538504511-1609","highvalue":false,"enabled":true,"lastlogon":1551076717,"pwdlastset":1550927530,"serviceprincipalnames":[],"hasspn":false,"displayname":"student103","email":null,"title":null,"homedirectory":null,"description":null,"userpassword":null,"sensitive":false,"dontreqpreauth":false,"admincount":false},"Name":"STUDENT103@DOLLARCORP.MONEYCORP.LOCAL","PrimaryGroup":"DOMAIN USERS@DOLLARCORP.MONEYCORP.LOCAL","Aces":[{"PrincipalName":"DOMAIN ADMINS@DOLLARCORP.MONEYCORP.LOCAL","PrincipalType":"group","RightName":"Owner","AceType":""},{"PrincipalName":"DOMAIN ADMINS@DOLLARCORP.MONEYCORP.LOCAL","PrincipalType":"group","RightName":"GenericAll","AceType":""},{"PrincipalName":"ACCOUNT OPERATORS@DOLLARCORP.MONEYCORP.LOCAL","PrincipalType":"group","RightName":"GenericAll","AceType":""},{"PrincipalName":"ADMINISTRATORS@DOLLARCORP.MONEYCORP.LOCAL","PrincipalType":"group","RightName":"GenericWrite","AceType":""},{"PrincipalName":"ADMINISTRATORS@DOLLARCORP.MONEYCORP.LOCAL","PrincipalType":"group","RightName":"WriteOwner","AceType":""},{"PrincipalName":"ADMINISTRATORS@DOLLARCORP.MONEYCORP.LOCAL","PrincipalType":"group","RightName":"WriteDacl","AceType":""}],"AllowedToDelegate":[]},{"Properties":{"domain":"DOLLARCORP.MONEYCORP.LOCAL","objectsid":"S-1-5-21-1874506631-3219952063-538504511-2115","highvalue":false,"enabled":true,"lastlogon":0,"pwdlastset":1551085145,"serviceprincipalnames":[],"hasspn":false,"displayname":"Support96User","email":null,"title":null,"homedirectory":null,"description":null,"userpassword":null,"sensitive":false,"dontreqpreauth":false,"admincount":false},"Name":"SUPPORT96USER@DOLLARCORP.MONEYCORP.LOCAL","PrimaryGroup":"DOMAIN USERS@DOLLARCORP.MONEYCORP.LOCAL","Aces":[{"PrincipalName":"DOMAIN ADMINS@DOLLARCORP.MONEYCORP.LOCAL","PrincipalType":"group","RightName":"Owner","AceType":""},{"PrincipalName":"DOMAIN ADMINS@DOLLARCORP.MONEYCORP.LOCAL","PrincipalType":"group","RightName":"GenericAll","AceType":""},{"PrincipalName":"RDPUSERS@DOLLARCORP.MONEYCORP.LOCAL","PrincipalType":"group","RightName":"GenericAll","AceType":""},{"PrincipalName":"ACCOUNT OPERATORS@DOLLARCORP.MONEYCORP.LOCAL","PrincipalType":"group","RightName":"GenericAll","AceType":""},{"PrincipalName":"ADMINISTRATORS@DOLLARCORP.MONEYCORP.LOCAL","PrincipalType":"group","RightName":"GenericWrite","AceType":""},{"PrincipalName":"ADMINISTRATORS@DOLLARCORP.MONEYCORP.LOCAL","PrincipalType":"group","RightName":"WriteOwner","AceType":""},{"PrincipalName":"ADMINISTRATORS@DOLLARCORP.MONEYCORP.LOCAL","PrincipalType":"group","RightName":"WriteDacl","AceType":""}],"AllowedToDelegate":[]},{"Properties":{"domain":"DOLLARCORP.MONEYCORP.LOCAL","objectsid":"S-1-5-21-1874506631-3219952063-538504511-1611","highvalue":false,"enabled":true,"lastlogon":1551076818,"pwdlastset":1550927561,"serviceprincipalnames":[],"hasspn":false,"displayname":"student105","email":null,"title":null,"homedirectory":null,"description":null,"userpassword":null,"sensitive":false,"dontreqpreauth":false,"admincount":false},"Name":"STUDENT105@DOLLARCORP.MONEYCORP.LOCAL","PrimaryGroup":"DOMAIN USERS@DOLLARCORP.MONEYCORP.LOCAL","Aces":[{"PrincipalName":"DOMAIN ADMINS@DOLLARCORP.MONEYCORP.LOCAL","PrincipalType":"group","RightName":"Owner","AceType":""},{"PrincipalName":"DOMAIN ADMINS@DOLLARCORP.MONEYCORP.LOCAL","PrincipalType":"group","RightName":"GenericAll","AceType":""},{"PrincipalName":"ACCOUNT OPERATORS@DOLLARCORP.MONEYCORP.LOCAL","PrincipalType":"group","RightName":"GenericAll","AceType":""},{"PrincipalName":"ADMINISTRATORS@DOLLARCORP.MONEYCORP.LOCAL","PrincipalType":"group","RightName":"GenericWrite","AceType":""},{"PrincipalName":"ADMINISTRATORS@DOLLARCORP.MONEYCORP.LOCAL","PrincipalType":"group","RightName":"WriteOwner","AceType":""},{"PrincipalName":"ADMINISTRATORS@DOLLARCORP.MONEYCORP.LOCAL","PrincipalType":"group","RightName":"WriteDacl","AceType":""}],"AllowedToDelegate":[]},{"Properties":{"domain":"DOLLARCORP.MONEYCORP.LOCAL","objectsid":"S-1-5-21-1874506631-3219952063-538504511-1612","highvalue":false,"enabled":true,"lastlogon":1551076873,"pwdlastset":1550927570,"serviceprincipalnames":[],"hasspn":false,"displayname":"student106","email":null,"title":null,"homedirectory":null,"description":null,"userpassword":null,"sensitive":false,"dontreqpreauth":false,"admincount":false},"Name":"STUDENT106@DOLLARCORP.MONEYCORP.LOCAL","PrimaryGroup":"DOMAIN USERS@DOLLARCORP.MONEYCORP.LOCAL","Aces":[{"PrincipalName":"DOMAIN ADMINS@DOLLARCORP.MONEYCORP.LOCAL","PrincipalType":"group","RightName":"Owner","AceType":""},{"PrincipalName":"DOMAIN ADMINS@DOLLARCORP.MONEYCORP.LOCAL","PrincipalType":"group","RightName":"GenericAll","AceType":""},{"PrincipalName":"ACCOUNT OPERATORS@DOLLARCORP.MONEYCORP.LOCAL","PrincipalType":"group","RightName":"GenericAll","AceType":""},{"PrincipalName":"ADMINISTRATORS@DOLLARCORP.MONEYCORP.LOCAL","PrincipalType":"group","RightName":"GenericWrite","AceType":""},{"PrincipalName":"ADMINISTRATORS@DOLLARCORP.MONEYCORP.LOCAL","PrincipalType":"group","RightName":"WriteOwner","AceType":""},{"PrincipalName":"ADMINISTRATORS@DOLLARCORP.MONEYCORP.LOCAL","PrincipalType":"group","RightName":"WriteDacl","AceType":""}],"AllowedToDelegate":[]},{"Properties":{"domain":"DOLLARCORP.MONEYCORP.LOCAL","objectsid":"S-1-5-21-1874506631-3219952063-538504511-2114","highvalue":false,"enabled":true,"lastlogon":0,"pwdlastset":1551085145,"serviceprincipalnames":[],"hasspn":false,"displayname":"Support95User","email":null,"title":null,"homedirectory":null,"description":null,"userpassword":null,"sensitive":false,"dontreqpreauth":false,"admincount":false},"Name":"SUPPORT95USER@DOLLARCORP.MONEYCORP.LOCAL","PrimaryGroup":"DOMAIN USERS@DOLLARCORP.MONEYCORP.LOCAL","Aces":[{"PrincipalName":"DOMAIN ADMINS@DOLLARCORP.MONEYCORP.LOCAL","PrincipalType":"group","RightName":"Owner","AceType":""},{"PrincipalName":"DOMAIN ADMINS@DOLLARCORP.MONEYCORP.LOCAL","PrincipalType":"group","RightName":"GenericAll","AceType":""},{"PrincipalName":"RDPUSERS@DOLLARCORP.MONEYCORP.LOCAL","PrincipalType":"group","RightName":"GenericAll","AceType":""},{"PrincipalName":"ACCOUNT OPERATORS@DOLLARCORP.MONEYCORP.LOCAL","PrincipalType":"group","RightName":"GenericAll","AceType":""},{"PrincipalName":"ADMINISTRATORS@DOLLARCORP.MONEYCORP.LOCAL","PrincipalType":"group","RightName":"GenericWrite","AceType":""},{"PrincipalName":"ADMINISTRATORS@DOLLARCORP.MONEYCORP.LOCAL","PrincipalType":"group","RightName":"WriteOwner","AceType":""},{"PrincipalName":"ADMINISTRATORS@DOLLARCORP.MONEYCORP.LOCAL","PrincipalType":"group","RightName":"WriteDacl","AceType":""}],"AllowedToDelegate":[]},{"Properties":{"domain":"DOLLARCORP.MONEYCORP.LOCAL","objectsid":"S-1-5-21-1874506631-3219952063-538504511-1610","highvalue":false,"enabled":true,"lastlogon":1551076769,"pwdlastset":1550927546,"serviceprincipalnames":[],"hasspn":false,"displayname":"student104","email":null,"title":null,"homedirectory":null,"description":null,"userpassword":null,"sensitive":false,"dontreqpreauth":false,"admincount":false},"Name":"STUDENT104@DOLLARCORP.MONEYCORP.LOCAL","PrimaryGroup":"DOMAIN USERS@DOLLARCORP.MONEYCORP.LOCAL","Aces":[{"PrincipalName":"DOMAIN ADMINS@DOLLARCORP.MONEYCORP.LOCAL","PrincipalType":"group","RightName":"Owner","AceType":""},{"PrincipalName":"DOMAIN ADMINS@DOLLARCORP.MONEYCORP.LOCAL","PrincipalType":"group","RightName":"GenericAll","AceType":""},{"PrincipalName":"ACCOUNT OPERATORS@DOLLARCORP.MONEYCORP.LOCAL","PrincipalType":"group","RightName":"GenericAll","AceType":""},{"PrincipalName":"ADMINISTRATORS@DOLLARCORP.MONEYCORP.LOCAL","PrincipalType":"group","RightName":"GenericWrite","AceType":""},{"PrincipalName":"ADMINISTRATORS@DOLLARCORP.MONEYCORP.LOCAL","PrincipalType":"group","RightName":"WriteOwner","AceType":""},{"PrincipalName":"ADMINISTRATORS@DOLLARCORP.MONEYCORP.LOCAL","PrincipalType":"group","RightName":"WriteDacl","AceType":""}],"AllowedToDelegate":[]},{"Properties":{"domain":"DOLLARCORP.MONEYCORP.LOCAL","objectsid":"S-1-5-21-1874506631-3219952063-538504511-2116","highvalue":false,"enabled":true,"lastlogon":0,"pwdlastset":1551085145,"serviceprincipalnames":[],"hasspn":false,"displayname":"Support97User","email":null,"title":null,"homedirectory":null,"description":null,"userpassword":null,"sensitive":false,"dontreqpreauth":false,"admincount":false},"Name":"SUPPORT97USER@DOLLARCORP.MONEYCORP.LOCAL","PrimaryGroup":"DOMAIN USERS@DOLLARCORP.MONEYCORP.LOCAL","Aces":[{"PrincipalName":"DOMAIN ADMINS@DOLLARCORP.MONEYCORP.LOCAL","PrincipalType":"group","RightName":"Owner","AceType":""},{"PrincipalName":"DOMAIN ADMINS@DOLLARCORP.MONEYCORP.LOCAL","PrincipalType":"group","RightName":"GenericAll","AceType":""},{"PrincipalName":"RDPUSERS@DOLLARCORP.MONEYCORP.LOCAL","PrincipalType":"group","RightName":"GenericAll","AceType":""},{"PrincipalName":"ACCOUNT OPERATORS@DOLLARCORP.MONEYCORP.LOCAL","PrincipalType":"group","RightName":"GenericAll","AceType":""},{"PrincipalName":"ADMINISTRATORS@DOLLARCORP.MONEYCORP.LOCAL","PrincipalType":"group","RightName":"GenericWrite","AceType":""},{"PrincipalName":"ADMINISTRATORS@DOLLARCORP.MONEYCORP.LOCAL","PrincipalType":"group","RightName":"WriteOwner","AceType":""},{"PrincipalName":"ADMINISTRATORS@DOLLARCORP.MONEYCORP.LOCAL","PrincipalType":"group","RightName":"WriteDacl","AceType":""}],"AllowedToDelegate":[]},{"Properties":{"domain":"DOLLARCORP.MONEYCORP.LOCAL","objectsid":"S-1-5-21-1874506631-3219952063-538504511-2117","highvalue":false,"enabled":true,"lastlogon":0,"pwdlastset":1551085146,"serviceprincipalnames":[],"hasspn":false,"displayname":"Support98User","email":null,"title":null,"homedirectory":null,"description":null,"userpassword":null,"sensitive":false,"dontreqpreauth":false,"admincount":false},"Name":"SUPPORT98USER@DOLLARCORP.MONEYCORP.LOCAL","PrimaryGroup":"DOMAIN USERS@DOLLARCORP.MONEYCORP.LOCAL","Aces":[{"PrincipalName":"DOMAIN ADMINS@DOLLARCORP.MONEYCORP.LOCAL","PrincipalType":"group","RightName":"Owner","AceType":""},{"PrincipalName":"DOMAIN ADMINS@DOLLARCORP.MONEYCORP.LOCAL","PrincipalType":"group","RightName":"GenericAll","AceType":""},{"PrincipalName":"RDPUSERS@DOLLARCORP.MONEYCORP.LOCAL","PrincipalType":"group","RightName":"GenericAll","AceType":""},{"PrincipalName":"ACCOUNT OPERATORS@DOLLARCORP.MONEYCORP.LOCAL","PrincipalType":"group","RightName":"GenericAll","AceType":""},{"PrincipalName":"ADMINISTRATORS@DOLLARCORP.MONEYCORP.LOCAL","PrincipalType":"group","RightName":"GenericWrite","AceType":""},{"PrincipalName":"ADMINISTRATORS@DOLLARCORP.MONEYCORP.LOCAL","PrincipalType":"group","RightName":"WriteOwner","AceType":""},{"PrincipalName":"ADMINISTRATORS@DOLLARCORP.MONEYCORP.LOCAL","PrincipalType":"group","RightName":"WriteDacl","AceType":""}],"AllowedToDelegate":[]},{"Properties":{"domain":"DOLLARCORP.MONEYCORP.LOCAL","objectsid":"S-1-5-21-1874506631-3219952063-538504511-2118","highvalue":false,"enabled":true,"lastlogon":0,"pwdlastset":1551085146,"serviceprincipalnames":[],"hasspn":false,"displayname":"Support99User","email":null,"title":null,"homedirectory":null,"description":null,"userpassword":null,"sensitive":false,"dontreqpreauth":false,"admincount":false},"Name":"SUPPORT99USER@DOLLARCORP.MONEYCORP.LOCAL","PrimaryGroup":"DOMAIN USERS@DOLLARCORP.MONEYCORP.LOCAL","Aces":[{"PrincipalName":"DOMAIN ADMINS@DOLLARCORP.MONEYCORP.LOCAL","PrincipalType":"group","RightName":"Owner","AceType":""},{"PrincipalName":"DOMAIN ADMINS@DOLLARCORP.MONEYCORP.LOCAL","PrincipalType":"group","RightName":"GenericAll","AceType":""},{"PrincipalName":"RDPUSERS@DOLLARCORP.MONEYCORP.LOCAL","PrincipalType":"group","RightName":"GenericAll","AceType":""},{"PrincipalName":"ACCOUNT OPERATORS@DOLLARCORP.MONEYCORP.LOCAL","PrincipalType":"group","RightName":"GenericAll","AceType":""},{"PrincipalName":"ADMINISTRATORS@DOLLARCORP.MONEYCORP.LOCAL","PrincipalType":"group","RightName":"GenericWrite","AceType":""},{"PrincipalName":"ADMINISTRATORS@DOLLARCORP.MONEYCORP.LOCAL","PrincipalType":"group","RightName":"WriteOwner","AceType":""},{"PrincipalName":"ADMINISTRATORS@DOLLARCORP.MONEYCORP.LOCAL","PrincipalType":"group","RightName":"WriteDacl","AceType":""}],"AllowedToDelegate":[]},{"Properties":{"domain":"DOLLARCORP.MONEYCORP.LOCAL","objectsid":"S-1-5-21-1874506631-3219952063-538504511-2119","highvalue":false,"enabled":true,"lastlogon":0,"pwdlastset":1551085146,"serviceprincipalnames":[],"hasspn":false,"displayname":"Support100User","email":null,"title":null,"homedirectory":null,"description":null,"userpassword":null,"sensitive":false,"dontreqpreauth":false,"admincount":false},"Name":"SUPPORT100USER@DOLLARCORP.MONEYCORP.LOCAL","PrimaryGroup":"DOMAIN USERS@DOLLARCORP.MONEYCORP.LOCAL","Aces":[{"PrincipalName":"DOMAIN ADMINS@DOLLARCORP.MONEYCORP.LOCAL","PrincipalType":"group","RightName":"Owner","AceType":""},{"PrincipalName":"DOMAIN ADMINS@DOLLARCORP.MONEYCORP.LOCAL","PrincipalType":"group","RightName":"GenericAll","AceType":""},{"PrincipalName":"RDPUSERS@DOLLARCORP.MONEYCORP.LOCAL","PrincipalType":"group","RightName":"GenericAll","AceType":""},{"PrincipalName":"ACCOUNT OPERATORS@DOLLARCORP.MONEYCORP.LOCAL","PrincipalType":"group","RightName":"GenericAll","AceType":""},{"PrincipalName":"ADMINISTRATORS@DOLLARCORP.MONEYCORP.LOCAL","PrincipalType":"group","RightName":"GenericWrite","AceType":""},{"PrincipalName":"ADMINISTRATORS@DOLLARCORP.MONEYCORP.LOCAL","PrincipalType":"group","RightName":"WriteOwner","AceType":""},{"PrincipalName":"ADMINISTRATORS@DOLLARCORP.MONEYCORP.LOCAL","PrincipalType":"group","RightName":"WriteDacl","AceType":""}],"AllowedToDelegate":[]},{"Properties":{"domain":"DOLLARCORP.MONEYCORP.LOCAL","objectsid":"S-1-5-21-1874506631-3219952063-538504511-2121","highvalue":false,"enabled":true,"lastlogon":0,"pwdlastset":1551085146,"serviceprincipalnames":[],"hasspn":false,"displayname":"Support102User","email":null,"title":null,"homedirectory":null,"description":null,"userpassword":null,"sensitive":false,"dontreqpreauth":false,"admincount":false},"Name":"SUPPORT102USER@DOLLARCORP.MONEYCORP.LOCAL","PrimaryGroup":"DOMAIN USERS@DOLLARCORP.MONEYCORP.LOCAL","Aces":[{"PrincipalName":"DOMAIN ADMINS@DOLLARCORP.MONEYCORP.LOCAL","PrincipalType":"group","RightName":"Owner","AceType":""},{"PrincipalName":"DOMAIN ADMINS@DOLLARCORP.MONEYCORP.LOCAL","PrincipalType":"group","RightName":"GenericAll","AceType":""},{"PrincipalName":"RDPUSERS@DOLLARCORP.MONEYCORP.LOCAL","PrincipalType":"group","RightName":"GenericAll","AceType":""},{"PrincipalName":"ACCOUNT OPERATORS@DOLLARCORP.MONEYCORP.LOCAL","PrincipalType":"group","RightName":"GenericAll","AceType":""},{"PrincipalName":"ADMINISTRATORS@DOLLARCORP.MONEYCORP.LOCAL","PrincipalType":"group","RightName":"GenericWrite","AceType":""},{"PrincipalName":"ADMINISTRATORS@DOLLARCORP.MONEYCORP.LOCAL","PrincipalType":"group","RightName":"WriteOwner","AceType":""},{"PrincipalName":"ADMINISTRATORS@DOLLARCORP.MONEYCORP.LOCAL","PrincipalType":"group","RightName":"WriteDacl","AceType":""}],"AllowedToDelegate":[]},{"Properties":{"domain":"DOLLARCORP.MONEYCORP.LOCAL","objectsid":"S-1-5-21-1874506631-3219952063-538504511-2120","highvalue":false,"enabled":true,"lastlogon":0,"pwdlastset":1551085146,"serviceprincipalnames":[],"hasspn":false,"displayname":"Support101User","email":null,"title":null,"homedirectory":null,"description":null,"userpassword":null,"sensitive":false,"dontreqpreauth":false,"admincount":false},"Name":"SUPPORT101USER@DOLLARCORP.MONEYCORP.LOCAL","PrimaryGroup":"DOMAIN USERS@DOLLARCORP.MONEYCORP.LOCAL","Aces":[{"PrincipalName":"DOMAIN ADMINS@DOLLARCORP.MONEYCORP.LOCAL","PrincipalType":"group","RightName":"Owner","AceType":""},{"PrincipalName":"DOMAIN ADMINS@DOLLARCORP.MONEYCORP.LOCAL","PrincipalType":"group","RightName":"GenericAll","AceType":""},{"PrincipalName":"RDPUSERS@DOLLARCORP.MONEYCORP.LOCAL","PrincipalType":"group","RightName":"GenericAll","AceType":""},{"PrincipalName":"ACCOUNT OPERATORS@DOLLARCORP.MONEYCORP.LOCAL","PrincipalType":"group","RightName":"GenericAll","AceType":""},{"PrincipalName":"ADMINISTRATORS@DOLLARCORP.MONEYCORP.LOCAL","PrincipalType":"group","RightName":"GenericWrite","AceType":""},{"PrincipalName":"ADMINISTRATORS@DOLLARCORP.MONEYCORP.LOCAL","PrincipalType":"group","RightName":"WriteOwner","AceType":""},{"PrincipalName":"ADMINISTRATORS@DOLLARCORP.MONEYCORP.LOCAL","PrincipalType":"group","RightName":"WriteDacl","AceType":""}],"AllowedToDelegate":[]},{"Properties":{"domain":"DOLLARCORP.MONEYCORP.LOCAL","objectsid":"S-1-5-21-1874506631-3219952063-538504511-2124","highvalue":false,"enabled":true,"lastlogon":0,"pwdlastset":1551085146,"serviceprincipalnames":[],"hasspn":false,"displayname":"Support105User","email":null,"title":null,"homedirectory":null,"description":null,"userpassword":null,"sensitive":false,"dontreqpreauth":false,"admincount":false},"Name":"SUPPORT105USER@DOLLARCORP.MONEYCORP.LOCAL","PrimaryGroup":"DOMAIN USERS@DOLLARCORP.MONEYCORP.LOCAL","Aces":[{"PrincipalName":"DOMAIN ADMINS@DOLLARCORP.MONEYCORP.LOCAL","PrincipalType":"group","RightName":"Owner","AceType":""},{"PrincipalName":"DOMAIN ADMINS@DOLLARCORP.MONEYCORP.LOCAL","PrincipalType":"group","RightName":"GenericAll","AceType":""},{"PrincipalName":"RDPUSERS@DOLLARCORP.MONEYCORP.LOCAL","PrincipalType":"group","RightName":"GenericAll","AceType":""},{"PrincipalName":"ACCOUNT OPERATORS@DOLLARCORP.MONEYCORP.LOCAL","PrincipalType":"group","RightName":"GenericAll","AceType":""},{"PrincipalName":"ADMINISTRATORS@DOLLARCORP.MONEYCORP.LOCAL","PrincipalType":"group","RightName":"GenericWrite","AceType":""},{"PrincipalName":"ADMINISTRATORS@DOLLARCORP.MONEYCORP.LOCAL","PrincipalType":"group","RightName":"WriteOwner","AceType":""},{"PrincipalName":"ADMINISTRATORS@DOLLARCORP.MONEYCORP.LOCAL","PrincipalType":"group","RightName":"WriteDacl","AceType":""}],"AllowedToDelegate":[]},{"Properties":{"domain":"DOLLARCORP.MONEYCORP.LOCAL","objectsid":"S-1-5-21-1874506631-3219952063-538504511-2123","highvalue":false,"enabled":true,"lastlogon":0,"pwdlastset":1551085146,"serviceprincipalnames":[],"hasspn":false,"displayname":"Support104User","email":null,"title":null,"homedirectory":null,"description":null,"userpassword":null,"sensitive":false,"dontreqpreauth":false,"admincount":false},"Name":"SUPPORT104USER@DOLLARCORP.MONEYCORP.LOCAL","PrimaryGroup":"DOMAIN USERS@DOLLARCORP.MONEYCORP.LOCAL","Aces":[{"PrincipalName":"DOMAIN ADMINS@DOLLARCORP.MONEYCORP.LOCAL","PrincipalType":"group","RightName":"Owner","AceType":""},{"PrincipalName":"DOMAIN ADMINS@DOLLARCORP.MONEYCORP.LOCAL","PrincipalType":"group","RightName":"GenericAll","AceType":""},{"PrincipalName":"RDPUSERS@DOLLARCORP.MONEYCORP.LOCAL","PrincipalType":"group","RightName":"GenericAll","AceType":""},{"PrincipalName":"ACCOUNT OPERATORS@DOLLARCORP.MONEYCORP.LOCAL","PrincipalType":"group","RightName":"GenericAll","AceType":""},{"PrincipalName":"ADMINISTRATORS@DOLLARCORP.MONEYCORP.LOCAL","PrincipalType":"group","RightName":"GenericWrite","AceType":""},{"PrincipalName":"ADMINISTRATORS@DOLLARCORP.MONEYCORP.LOCAL","PrincipalType":"group","RightName":"WriteOwner","AceType":""},{"PrincipalName":"ADMINISTRATORS@DOLLARCORP.MONEYCORP.LOCAL","PrincipalType":"group","RightName":"WriteDacl","AceType":""}],"AllowedToDelegate":[]},{"Properties":{"domain":"DOLLARCORP.MONEYCORP.LOCAL","objectsid":"S-1-5-21-1874506631-3219952063-538504511-2122","highvalue":false,"enabled":true,"lastlogon":0,"pwdlastset":1551085146,"serviceprincipalnames":[],"hasspn":false,"displayname":"Support103User","email":null,"title":null,"homedirectory":null,"description":null,"userpassword":null,"sensitive":false,"dontreqpreauth":false,"admincount":false},"Name":"SUPPORT103USER@DOLLARCORP.MONEYCORP.LOCAL","PrimaryGroup":"DOMAIN USERS@DOLLARCORP.MONEYCORP.LOCAL","Aces":[{"PrincipalName":"DOMAIN ADMINS@DOLLARCORP.MONEYCORP.LOCAL","PrincipalType":"group","RightName":"Owner","AceType":""},{"PrincipalName":"DOMAIN ADMINS@DOLLARCORP.MONEYCORP.LOCAL","PrincipalType":"group","RightName":"GenericAll","AceType":""},{"PrincipalName":"RDPUSERS@DOLLARCORP.MONEYCORP.LOCAL","PrincipalType":"group","RightName":"GenericAll","AceType":""},{"PrincipalName":"ACCOUNT OPERATORS@DOLLARCORP.MONEYCORP.LOCAL","PrincipalType":"group","RightName":"GenericAll","AceType":""},{"PrincipalName":"ADMINISTRATORS@DOLLARCORP.MONEYCORP.LOCAL","PrincipalType":"group","RightName":"GenericWrite","AceType":""},{"PrincipalName":"ADMINISTRATORS@DOLLARCORP.MONEYCORP.LOCAL","PrincipalType":"group","RightName":"WriteOwner","AceType":""},{"PrincipalName":"ADMINISTRATORS@DOLLARCORP.MONEYCORP.LOCAL","PrincipalType":"group","RightName":"WriteDacl","AceType":""}],"AllowedToDelegate":[]},{"Properties":{"domain":"DOLLARCORP.MONEYCORP.LOCAL","objectsid":"S-1-5-21-1874506631-3219952063-538504511-2127","highvalue":false,"enabled":true,"lastlogon":0,"pwdlastset":1551085195,"serviceprincipalnames":[],"hasspn":false,"displayname":"Control96User","email":null,"title":null,"homedirectory":null,"description":null,"userpassword":null,"sensitive":false,"dontreqpreauth":false,"admincount":false},"Name":"CONTROL96USER@DOLLARCORP.MONEYCORP.LOCAL","PrimaryGroup":"DOMAIN USERS@DOLLARCORP.MONEYCORP.LOCAL","Aces":[{"PrincipalName":"DOMAIN ADMINS@DOLLARCORP.MONEYCORP.LOCAL","PrincipalType":"group","RightName":"Owner","AceType":""},{"PrincipalName":"DOMAIN ADMINS@DOLLARCORP.MONEYCORP.LOCAL","PrincipalType":"group","RightName":"GenericAll","AceType":""},{"PrincipalName":"RDPUSERS@DOLLARCORP.MONEYCORP.LOCAL","PrincipalType":"group","RightName":"GenericAll","AceType":""},{"PrincipalName":"ACCOUNT OPERATORS@DOLLARCORP.MONEYCORP.LOCAL","PrincipalType":"group","RightName":"GenericAll","AceType":""},{"PrincipalName":"ADMINISTRATORS@DOLLARCORP.MONEYCORP.LOCAL","PrincipalType":"group","RightName":"GenericWrite","AceType":""},{"PrincipalName":"ADMINISTRATORS@DOLLARCORP.MONEYCORP.LOCAL","PrincipalType":"group","RightName":"WriteOwner","AceType":""},{"PrincipalName":"ADMINISTRATORS@DOLLARCORP.MONEYCORP.LOCAL","PrincipalType":"group","RightName":"WriteDacl","AceType":""}],"AllowedToDelegate":[]},{"Properties":{"domain":"DOLLARCORP.MONEYCORP.LOCAL","objectsid":"S-1-5-21-1874506631-3219952063-538504511-2126","highvalue":false,"enabled":true,"lastlogon":0,"pwdlastset":1551085195,"serviceprincipalnames":[],"hasspn":false,"displayname":"Control95User","email":null,"title":null,"homedirectory":null,"description":null,"userpassword":null,"sensitive":false,"dontreqpreauth":false,"admincount":false},"Name":"CONTROL95USER@DOLLARCORP.MONEYCORP.LOCAL","PrimaryGroup":"DOMAIN USERS@DOLLARCORP.MONEYCORP.LOCAL","Aces":[{"PrincipalName":"DOMAIN ADMINS@DOLLARCORP.MONEYCORP.LOCAL","PrincipalType":"group","RightName":"Owner","AceType":""},{"PrincipalName":"DOMAIN ADMINS@DOLLARCORP.MONEYCORP.LOCAL","PrincipalType":"group","RightName":"GenericAll","AceType":""},{"PrincipalName":"RDPUSERS@DOLLARCORP.MONEYCORP.LOCAL","PrincipalType":"group","RightName":"GenericAll","AceType":""},{"PrincipalName":"ACCOUNT OPERATORS@DOLLARCORP.MONEYCORP.LOCAL","PrincipalType":"group","RightName":"GenericAll","AceType":""},{"PrincipalName":"ADMINISTRATORS@DOLLARCORP.MONEYCORP.LOCAL","PrincipalType":"group","RightName":"GenericWrite","AceType":""},{"PrincipalName":"ADMINISTRATORS@DOLLARCORP.MONEYCORP.LOCAL","PrincipalType":"group","RightName":"WriteOwner","AceType":""},{"PrincipalName":"ADMINISTRATORS@DOLLARCORP.MONEYCORP.LOCAL","PrincipalType":"group","RightName":"WriteDacl","AceType":""}],"AllowedToDelegate":[]},{"Properties":{"domain":"DOLLARCORP.MONEYCORP.LOCAL","objectsid":"S-1-5-21-1874506631-3219952063-538504511-2125","highvalue":false,"enabled":true,"lastlogon":0,"pwdlastset":1551085146,"serviceprincipalnames":[],"hasspn":false,"displayname":"Support106User","email":null,"title":null,"homedirectory":null,"description":null,"userpassword":null,"sensitive":false,"dontreqpreauth":false,"admincount":false},"Name":"SUPPORT106USER@DOLLARCORP.MONEYCORP.LOCAL","PrimaryGroup":"DOMAIN USERS@DOLLARCORP.MONEYCORP.LOCAL","Aces":[{"PrincipalName":"DOMAIN ADMINS@DOLLARCORP.MONEYCORP.LOCAL","PrincipalType":"group","RightName":"Owner","AceType":""},{"PrincipalName":"DOMAIN ADMINS@DOLLARCORP.MONEYCORP.LOCAL","PrincipalType":"group","RightName":"GenericAll","AceType":""},{"PrincipalName":"RDPUSERS@DOLLARCORP.MONEYCORP.LOCAL","PrincipalType":"group","RightName":"GenericAll","AceType":""},{"PrincipalName":"ACCOUNT OPERATORS@DOLLARCORP.MONEYCORP.LOCAL","PrincipalType":"group","RightName":"GenericAll","AceType":""},{"PrincipalName":"ADMINISTRATORS@DOLLARCORP.MONEYCORP.LOCAL","PrincipalType":"group","RightName":"GenericWrite","AceType":""},{"PrincipalName":"ADMINISTRATORS@DOLLARCORP.MONEYCORP.LOCAL","PrincipalType":"group","RightName":"WriteOwner","AceType":""},{"PrincipalName":"ADMINISTRATORS@DOLLARCORP.MONEYCORP.LOCAL","PrincipalType":"group","RightName":"WriteDacl","AceType":""}],"AllowedToDelegate":[]},{"Properties":{"domain":"DOLLARCORP.MONEYCORP.LOCAL","objectsid":"S-1-5-21-1874506631-3219952063-538504511-2128","highvalue":false,"enabled":true,"lastlogon":0,"pwdlastset":1551085195,"serviceprincipalnames":[],"hasspn":false,"displayname":"Control97User","email":null,"title":null,"homedirectory":null,"description":null,"userpassword":null,"sensitive":false,"dontreqpreauth":false,"admincount":false},"Name":"CONTROL97USER@DOLLARCORP.MONEYCORP.LOCAL","PrimaryGroup":"DOMAIN USERS@DOLLARCORP.MONEYCORP.LOCAL","Aces":[{"PrincipalName":"DOMAIN ADMINS@DOLLARCORP.MONEYCORP.LOCAL","PrincipalType":"group","RightName":"Owner","AceType":""},{"PrincipalName":"DOMAIN ADMINS@DOLLARCORP.MONEYCORP.LOCAL","PrincipalType":"group","RightName":"GenericAll","AceType":""},{"PrincipalName":"RDPUSERS@DOLLARCORP.MONEYCORP.LOCAL","PrincipalType":"group","RightName":"GenericAll","AceType":""},{"PrincipalName":"ACCOUNT OPERATORS@DOLLARCORP.MONEYCORP.LOCAL","PrincipalType":"group","RightName":"GenericAll","AceType":""},{"PrincipalName":"ADMINISTRATORS@DOLLARCORP.MONEYCORP.LOCAL","PrincipalType":"group","RightName":"GenericWrite","AceType":""},{"PrincipalName":"ADMINISTRATORS@DOLLARCORP.MONEYCORP.LOCAL","PrincipalType":"group","RightName":"WriteOwner","AceType":""},{"PrincipalName":"ADMINISTRATORS@DOLLARCORP.MONEYCORP.LOCAL","PrincipalType":"group","RightName":"WriteDacl","AceType":""}],"AllowedToDelegate":[]},{"Properties":{"domain":"DOLLARCORP.MONEYCORP.LOCAL","objectsid":"S-1-5-21-1874506631-3219952063-538504511-2129","highvalue":false,"enabled":true,"lastlogon":0,"pwdlastset":1551085196,"serviceprincipalnames":[],"hasspn":false,"displayname":"Control98User","email":null,"title":null,"homedirectory":null,"description":null,"userpassword":null,"sensitive":false,"dontreqpreauth":false,"admincount":false},"Name":"CONTROL98USER@DOLLARCORP.MONEYCORP.LOCAL","PrimaryGroup":"DOMAIN USERS@DOLLARCORP.MONEYCORP.LOCAL","Aces":[{"PrincipalName":"DOMAIN ADMINS@DOLLARCORP.MONEYCORP.LOCAL","PrincipalType":"group","RightName":"Owner","AceType":""},{"PrincipalName":"DOMAIN ADMINS@DOLLARCORP.MONEYCORP.LOCAL","PrincipalType":"group","RightName":"GenericAll","AceType":""},{"PrincipalName":"RDPUSERS@DOLLARCORP.MONEYCORP.LOCAL","PrincipalType":"group","RightName":"GenericAll","AceType":""},{"PrincipalName":"ACCOUNT OPERATORS@DOLLARCORP.MONEYCORP.LOCAL","PrincipalType":"group","RightName":"GenericAll","AceType":""},{"PrincipalName":"ADMINISTRATORS@DOLLARCORP.MONEYCORP.LOCAL","PrincipalType":"group","RightName":"GenericWrite","AceType":""},{"PrincipalName":"ADMINISTRATORS@DOLLARCORP.MONEYCORP.LOCAL","PrincipalType":"group","RightName":"WriteOwner","AceType":""},{"PrincipalName":"ADMINISTRATORS@DOLLARCORP.MONEYCORP.LOCAL","PrincipalType":"group","RightName":"WriteDacl","AceType":""}],"AllowedToDelegate":[]},{"Properties":{"domain":"DOLLARCORP.MONEYCORP.LOCAL","objectsid":"S-1-5-21-1874506631-3219952063-538504511-2131","highvalue":false,"enabled":true,"lastlogon":0,"pwdlastset":1551085196,"serviceprincipalnames":[],"hasspn":false,"displayname":"Control100User","email":null,"title":null,"homedirectory":null,"description":null,"userpassword":null,"sensitive":false,"dontreqpreauth":false,"admincount":false},"Name":"CONTROL100USER@DOLLARCORP.MONEYCORP.LOCAL","PrimaryGroup":"DOMAIN USERS@DOLLARCORP.MONEYCORP.LOCAL","Aces":[{"PrincipalName":"DOMAIN ADMINS@DOLLARCORP.MONEYCORP.LOCAL","PrincipalType":"group","RightName":"Owner","AceType":""},{"PrincipalName":"DOMAIN ADMINS@DOLLARCORP.MONEYCORP.LOCAL","PrincipalType":"group","RightName":"GenericAll","AceType":""},{"PrincipalName":"RDPUSERS@DOLLARCORP.MONEYCORP.LOCAL","PrincipalType":"group","RightName":"GenericAll","AceType":""},{"PrincipalName":"ACCOUNT OPERATORS@DOLLARCORP.MONEYCORP.LOCAL","PrincipalType":"group","RightName":"GenericAll","AceType":""},{"PrincipalName":"ADMINISTRATORS@DOLLARCORP.MONEYCORP.LOCAL","PrincipalType":"group","RightName":"GenericWrite","AceType":""},{"PrincipalName":"ADMINISTRATORS@DOLLARCORP.MONEYCORP.LOCAL","PrincipalType":"group","RightName":"WriteOwner","AceType":""},{"PrincipalName":"ADMINISTRATORS@DOLLARCORP.MONEYCORP.LOCAL","PrincipalType":"group","RightName":"WriteDacl","AceType":""}],"AllowedToDelegate":[]},{"Properties":{"domain":"DOLLARCORP.MONEYCORP.LOCAL","objectsid":"S-1-5-21-1874506631-3219952063-538504511-2133","highvalue":false,"enabled":true,"lastlogon":0,"pwdlastset":1551085196,"serviceprincipalnames":[],"hasspn":false,"displayname":"Control102User","email":null,"title":null,"homedirectory":null,"description":null,"userpassword":null,"sensitive":false,"dontreqpreauth":false,"admincount":false},"Name":"CONTROL102USER@DOLLARCORP.MONEYCORP.LOCAL","PrimaryGroup":"DOMAIN USERS@DOLLARCORP.MONEYCORP.LOCAL","Aces":[{"PrincipalName":"DOMAIN ADMINS@DOLLARCORP.MONEYCORP.LOCAL","PrincipalType":"group","RightName":"Owner","AceType":""},{"PrincipalName":"DOMAIN ADMINS@DOLLARCORP.MONEYCORP.LOCAL","PrincipalType":"group","RightName":"GenericAll","AceType":""},{"PrincipalName":"RDPUSERS@DOLLARCORP.MONEYCORP.LOCAL","PrincipalType":"group","RightName":"GenericAll","AceType":""},{"PrincipalName":"ACCOUNT OPERATORS@DOLLARCORP.MONEYCORP.LOCAL","PrincipalType":"group","RightName":"GenericAll","AceType":""},{"PrincipalName":"ADMINISTRATORS@DOLLARCORP.MONEYCORP.LOCAL","PrincipalType":"group","RightName":"GenericWrite","AceType":""},{"PrincipalName":"ADMINISTRATORS@DOLLARCORP.MONEYCORP.LOCAL","PrincipalType":"group","RightName":"WriteOwner","AceType":""},{"PrincipalName":"ADMINISTRATORS@DOLLARCORP.MONEYCORP.LOCAL","PrincipalType":"group","RightName":"WriteDacl","AceType":""}],"AllowedToDelegate":[]},{"Properties":{"domain":"DOLLARCORP.MONEYCORP.LOCAL","objectsid":"S-1-5-21-1874506631-3219952063-538504511-2132","highvalue":false,"enabled":true,"lastlogon":0,"pwdlastset":1551085196,"serviceprincipalnames":[],"hasspn":false,"displayname":"Control101User","email":null,"title":null,"homedirectory":null,"description":null,"userpassword":null,"sensitive":false,"dontreqpreauth":false,"admincount":false},"Name":"CONTROL101USER@DOLLARCORP.MONEYCORP.LOCAL","PrimaryGroup":"DOMAIN USERS@DOLLARCORP.MONEYCORP.LOCAL","Aces":[{"PrincipalName":"DOMAIN ADMINS@DOLLARCORP.MONEYCORP.LOCAL","PrincipalType":"group","RightName":"Owner","AceType":""},{"PrincipalName":"DOMAIN ADMINS@DOLLARCORP.MONEYCORP.LOCAL","PrincipalType":"group","RightName":"GenericAll","AceType":""},{"PrincipalName":"RDPUSERS@DOLLARCORP.MONEYCORP.LOCAL","PrincipalType":"group","RightName":"GenericAll","AceType":""},{"PrincipalName":"ACCOUNT OPERATORS@DOLLARCORP.MONEYCORP.LOCAL","PrincipalType":"group","RightName":"GenericAll","AceType":""},{"PrincipalName":"ADMINISTRATORS@DOLLARCORP.MONEYCORP.LOCAL","PrincipalType":"group","RightName":"GenericWrite","AceType":""},{"PrincipalName":"ADMINISTRATORS@DOLLARCORP.MONEYCORP.LOCAL","PrincipalType":"group","RightName":"WriteOwner","AceType":""},{"PrincipalName":"ADMINISTRATORS@DOLLARCORP.MONEYCORP.LOCAL","PrincipalType":"group","RightName":"WriteDacl","AceType":""}],"AllowedToDelegate":[]},{"Properties":{"domain":"DOLLARCORP.MONEYCORP.LOCAL","objectsid":"S-1-5-21-1874506631-3219952063-538504511-2130","highvalue":false,"enabled":true,"lastlogon":0,"pwdlastset":1551085196,"serviceprincipalnames":[],"hasspn":false,"displayname":"Control99User","email":null,"title":null,"homedirectory":null,"description":null,"userpassword":null,"sensitive":false,"dontreqpreauth":false,"admincount":false},"Name":"CONTROL99USER@DOLLARCORP.MONEYCORP.LOCAL","PrimaryGroup":"DOMAIN USERS@DOLLARCORP.MONEYCORP.LOCAL","Aces":[{"PrincipalName":"DOMAIN ADMINS@DOLLARCORP.MONEYCORP.LOCAL","PrincipalType":"group","RightName":"Owner","AceType":""},{"PrincipalName":"DOMAIN ADMINS@DOLLARCORP.MONEYCORP.LOCAL","PrincipalType":"group","RightName":"GenericAll","AceType":""},{"PrincipalName":"RDPUSERS@DOLLARCORP.MONEYCORP.LOCAL","PrincipalType":"group","RightName":"GenericAll","AceType":""},{"PrincipalName":"ACCOUNT OPERATORS@DOLLARCORP.MONEYCORP.LOCAL","PrincipalType":"group","RightName":"GenericAll","AceType":""},{"PrincipalName":"ADMINISTRATORS@DOLLARCORP.MONEYCORP.LOCAL","PrincipalType":"group","RightName":"GenericWrite","AceType":""},{"PrincipalName":"ADMINISTRATORS@DOLLARCORP.MONEYCORP.LOCAL","PrincipalType":"group","RightName":"WriteOwner","AceType":""},{"PrincipalName":"ADMINISTRATORS@DOLLARCORP.MONEYCORP.LOCAL","PrincipalType":"group","RightName":"WriteDacl","AceType":""}],"AllowedToDelegate":[]},{"Properties":{"domain":"DOLLARCORP.MONEYCORP.LOCAL","objectsid":"S-1-5-21-1874506631-3219952063-538504511-2135","highvalue":false,"enabled":true,"lastlogon":0,"pwdlastset":1551085196,"serviceprincipalnames":[],"hasspn":false,"displayname":"Control104User","email":null,"title":null,"homedirectory":null,"description":null,"userpassword":null,"sensitive":false,"dontreqpreauth":false,"admincount":false},"Name":"CONTROL104USER@DOLLARCORP.MONEYCORP.LOCAL","PrimaryGroup":"DOMAIN USERS@DOLLARCORP.MONEYCORP.LOCAL","Aces":[{"PrincipalName":"DOMAIN ADMINS@DOLLARCORP.MONEYCORP.LOCAL","PrincipalType":"group","RightName":"Owner","AceType":""},{"PrincipalName":"DOMAIN ADMINS@DOLLARCORP.MONEYCORP.LOCAL","PrincipalType":"group","RightName":"GenericAll","AceType":""},{"PrincipalName":"RDPUSERS@DOLLARCORP.MONEYCORP.LOCAL","PrincipalType":"group","RightName":"GenericAll","AceType":""},{"PrincipalName":"ACCOUNT OPERATORS@DOLLARCORP.MONEYCORP.LOCAL","PrincipalType":"group","RightName":"GenericAll","AceType":""},{"PrincipalName":"ADMINISTRATORS@DOLLARCORP.MONEYCORP.LOCAL","PrincipalType":"group","RightName":"GenericWrite","AceType":""},{"PrincipalName":"ADMINISTRATORS@DOLLARCORP.MONEYCORP.LOCAL","PrincipalType":"group","RightName":"WriteOwner","AceType":""},{"PrincipalName":"ADMINISTRATORS@DOLLARCORP.MONEYCORP.LOCAL","PrincipalType":"group","RightName":"WriteDacl","AceType":""}],"AllowedToDelegate":[]},{"Properties":{"domain":"DOLLARCORP.MONEYCORP.LOCAL","objectsid":"S-1-5-21-1874506631-3219952063-538504511-2136","highvalue":false,"enabled":true,"lastlogon":0,"pwdlastset":1551085197,"serviceprincipalnames":[],"hasspn":false,"displayname":"Control105User","email":null,"title":null,"homedirectory":null,"description":null,"userpassword":null,"sensitive":false,"dontreqpreauth":false,"admincount":false},"Name":"CONTROL105USER@DOLLARCORP.MONEYCORP.LOCAL","PrimaryGroup":"DOMAIN USERS@DOLLARCORP.MONEYCORP.LOCAL","Aces":[{"PrincipalName":"DOMAIN ADMINS@DOLLARCORP.MONEYCORP.LOCAL","PrincipalType":"group","RightName":"Owner","AceType":""},{"PrincipalName":"DOMAIN ADMINS@DOLLARCORP.MONEYCORP.LOCAL","PrincipalType":"group","RightName":"GenericAll","AceType":""},{"PrincipalName":"RDPUSERS@DOLLARCORP.MONEYCORP.LOCAL","PrincipalType":"group","RightName":"GenericAll","AceType":""},{"PrincipalName":"ACCOUNT OPERATORS@DOLLARCORP.MONEYCORP.LOCAL","PrincipalType":"group","RightName":"GenericAll","AceType":""},{"PrincipalName":"ADMINISTRATORS@DOLLARCORP.MONEYCORP.LOCAL","PrincipalType":"group","RightName":"GenericWrite","AceType":""},{"PrincipalName":"ADMINISTRATORS@DOLLARCORP.MONEYCORP.LOCAL","PrincipalType":"group","RightName":"WriteOwner","AceType":""},{"PrincipalName":"ADMINISTRATORS@DOLLARCORP.MONEYCORP.LOCAL","PrincipalType":"group","RightName":"WriteDacl","AceType":""}],"AllowedToDelegate":[]},{"Properties":{"domain":"DOLLARCORP.MONEYCORP.LOCAL","objectsid":"S-1-5-21-1874506631-3219952063-538504511-2137","highvalue":false,"enabled":true,"lastlogon":0,"pwdlastset":1551085197,"serviceprincipalnames":[],"hasspn":false,"displayname":"Control106User","email":null,"title":null,"homedirectory":null,"description":null,"userpassword":null,"sensitive":false,"dontreqpreauth":false,"admincount":false},"Name":"CONTROL106USER@DOLLARCORP.MONEYCORP.LOCAL","PrimaryGroup":"DOMAIN USERS@DOLLARCORP.MONEYCORP.LOCAL","Aces":[{"PrincipalName":"DOMAIN ADMINS@DOLLARCORP.MONEYCORP.LOCAL","PrincipalType":"group","RightName":"Owner","AceType":""},{"PrincipalName":"DOMAIN ADMINS@DOLLARCORP.MONEYCORP.LOCAL","PrincipalType":"group","RightName":"GenericAll","AceType":""},{"PrincipalName":"RDPUSERS@DOLLARCORP.MONEYCORP.LOCAL","PrincipalType":"group","RightName":"GenericAll","AceType":""},{"PrincipalName":"ACCOUNT OPERATORS@DOLLARCORP.MONEYCORP.LOCAL","PrincipalType":"group","RightName":"GenericAll","AceType":""},{"PrincipalName":"ADMINISTRATORS@DOLLARCORP.MONEYCORP.LOCAL","PrincipalType":"group","RightName":"GenericWrite","AceType":""},{"PrincipalName":"ADMINISTRATORS@DOLLARCORP.MONEYCORP.LOCAL","PrincipalType":"group","RightName":"WriteOwner","AceType":""},{"PrincipalName":"ADMINISTRATORS@DOLLARCORP.MONEYCORP.LOCAL","PrincipalType":"group","RightName":"WriteDacl","AceType":""}],"AllowedToDelegate":[]},{"Properties":{"domain":"DOLLARCORP.MONEYCORP.LOCAL","objectsid":"S-1-5-21-1874506631-3219952063-538504511-2134","highvalue":false,"enabled":true,"lastlogon":0,"pwdlastset":1551085196,"serviceprincipalnames":[],"hasspn":false,"displayname":"Control103User","email":null,"title":null,"homedirectory":null,"description":null,"userpassword":null,"sensitive":false,"dontreqpreauth":false,"admincount":false},"Name":"CONTROL103USER@DOLLARCORP.MONEYCORP.LOCAL","PrimaryGroup":"DOMAIN USERS@DOLLARCORP.MONEYCORP.LOCAL","Aces":[{"PrincipalName":"DOMAIN ADMINS@DOLLARCORP.MONEYCORP.LOCAL","PrincipalType":"group","RightName":"Owner","AceType":""},{"PrincipalName":"DOMAIN ADMINS@DOLLARCORP.MONEYCORP.LOCAL","PrincipalType":"group","RightName":"GenericAll","AceType":""},{"PrincipalName":"RDPUSERS@DOLLARCORP.MONEYCORP.LOCAL","PrincipalType":"group","RightName":"GenericAll","AceType":""},{"PrincipalName":"ACCOUNT OPERATORS@DOLLARCORP.MONEYCORP.LOCAL","PrincipalType":"group","RightName":"GenericAll","AceType":""},{"PrincipalName":"ADMINISTRATORS@DOLLARCORP.MONEYCORP.LOCAL","PrincipalType":"group","RightName":"GenericWrite","AceType":""},{"PrincipalName":"ADMINISTRATORS@DOLLARCORP.MONEYCORP.LOCAL","PrincipalType":"group","RightName":"WriteOwner","AceType":""},{"PrincipalName":"ADMINISTRATORS@DOLLARCORP.MONEYCORP.LOCAL","PrincipalType":"group","RightName":"WriteDacl","AceType":""}],"AllowedToDelegate":[]},{"Properties":{"domain":"DOLLARCORP.MONEYCORP.LOCAL","objectsid":"S-1-5-21-1874506631-3219952063-538504511-2141","highvalue":false,"enabled":true,"lastlogon":0,"pwdlastset":1551085221,"serviceprincipalnames":[],"hasspn":false,"displayname":"VPN98User","email":null,"title":null,"homedirectory":null,"description":null,"userpassword":null,"sensitive":false,"dontreqpreauth":true,"admincount":false},"Name":"VPN98USER@DOLLARCORP.MONEYCORP.LOCAL","PrimaryGroup":"DOMAIN USERS@DOLLARCORP.MONEYCORP.LOCAL","Aces":[{"PrincipalName":"DOMAIN ADMINS@DOLLARCORP.MONEYCORP.LOCAL","PrincipalType":"group","RightName":"Owner","AceType":""},{"PrincipalName":"DOMAIN ADMINS@DOLLARCORP.MONEYCORP.LOCAL","PrincipalType":"group","RightName":"GenericAll","AceType":""},{"PrincipalName":"ACCOUNT OPERATORS@DOLLARCORP.MONEYCORP.LOCAL","PrincipalType":"group","RightName":"GenericAll","AceType":""},{"PrincipalName":"ADMINISTRATORS@DOLLARCORP.MONEYCORP.LOCAL","PrincipalType":"group","RightName":"GenericWrite","AceType":""},{"PrincipalName":"ADMINISTRATORS@DOLLARCORP.MONEYCORP.LOCAL","PrincipalType":"group","RightName":"WriteOwner","AceType":""},{"PrincipalName":"ADMINISTRATORS@DOLLARCORP.MONEYCORP.LOCAL","PrincipalType":"group","RightName":"WriteDacl","AceType":""}],"AllowedToDelegate":[]},{"Properties":{"domain":"DOLLARCORP.MONEYCORP.LOCAL","objectsid":"S-1-5-21-1874506631-3219952063-538504511-2138","highvalue":false,"enabled":true,"lastlogon":0,"pwdlastset":1551085221,"serviceprincipalnames":[],"hasspn":false,"displayname":"VPN95User","email":null,"title":null,"homedirectory":null,"description":null,"userpassword":null,"sensitive":false,"dontreqpreauth":true,"admincount":false},"Name":"VPN95USER@DOLLARCORP.MONEYCORP.LOCAL","PrimaryGroup":"DOMAIN USERS@DOLLARCORP.MONEYCORP.LOCAL","Aces":[{"PrincipalName":"DOMAIN ADMINS@DOLLARCORP.MONEYCORP.LOCAL","PrincipalType":"group","RightName":"Owner","AceType":""},{"PrincipalName":"DOMAIN ADMINS@DOLLARCORP.MONEYCORP.LOCAL","PrincipalType":"group","RightName":"GenericAll","AceType":""},{"PrincipalName":"ACCOUNT OPERATORS@DOLLARCORP.MONEYCORP.LOCAL","PrincipalType":"group","RightName":"GenericAll","AceType":""},{"PrincipalName":"ADMINISTRATORS@DOLLARCORP.MONEYCORP.LOCAL","PrincipalType":"group","RightName":"GenericWrite","AceType":""},{"PrincipalName":"ADMINISTRATORS@DOLLARCORP.MONEYCORP.LOCAL","PrincipalType":"group","RightName":"WriteOwner","AceType":""},{"PrincipalName":"ADMINISTRATORS@DOLLARCORP.MONEYCORP.LOCAL","PrincipalType":"group","RightName":"WriteDacl","AceType":""}],"AllowedToDelegate":[]},{"Properties":{"domain":"DOLLARCORP.MONEYCORP.LOCAL","objectsid":"S-1-5-21-1874506631-3219952063-538504511-2143","highvalue":false,"enabled":true,"lastlogon":0,"pwdlastset":1551085221,"serviceprincipalnames":[],"hasspn":false,"displayname":"VPN100User","email":null,"title":null,"homedirectory":null,"description":null,"userpassword":null,"sensitive":false,"dontreqpreauth":true,"admincount":false},"Name":"VPN100USER@DOLLARCORP.MONEYCORP.LOCAL","PrimaryGroup":"DOMAIN USERS@DOLLARCORP.MONEYCORP.LOCAL","Aces":[{"PrincipalName":"DOMAIN ADMINS@DOLLARCORP.MONEYCORP.LOCAL","PrincipalType":"group","RightName":"Owner","AceType":""},{"PrincipalName":"DOMAIN ADMINS@DOLLARCORP.MONEYCORP.LOCAL","PrincipalType":"group","RightName":"GenericAll","AceType":""},{"PrincipalName":"ACCOUNT OPERATORS@DOLLARCORP.MONEYCORP.LOCAL","PrincipalType":"group","RightName":"GenericAll","AceType":""},{"PrincipalName":"ADMINISTRATORS@DOLLARCORP.MONEYCORP.LOCAL","PrincipalType":"group","RightName":"GenericWrite","AceType":""},{"PrincipalName":"ADMINISTRATORS@DOLLARCORP.MONEYCORP.LOCAL","PrincipalType":"group","RightName":"WriteOwner","AceType":""},{"PrincipalName":"ADMINISTRATORS@DOLLARCORP.MONEYCORP.LOCAL","PrincipalType":"group","RightName":"WriteDacl","AceType":""}],"AllowedToDelegate":[]},{"Properties":{"domain":"DOLLARCORP.MONEYCORP.LOCAL","objectsid":"S-1-5-21-1874506631-3219952063-538504511-2142","highvalue":false,"enabled":true,"lastlogon":0,"pwdlastset":1551085221,"serviceprincipalnames":[],"hasspn":false,"displayname":"VPN99User","email":null,"title":null,"homedirectory":null,"description":null,"userpassword":null,"sensitive":false,"dontreqpreauth":true,"admincount":false},"Name":"VPN99USER@DOLLARCORP.MONEYCORP.LOCAL","PrimaryGroup":"DOMAIN USERS@DOLLARCORP.MONEYCORP.LOCAL","Aces":[{"PrincipalName":"DOMAIN ADMINS@DOLLARCORP.MONEYCORP.LOCAL","PrincipalType":"group","RightName":"Owner","AceType":""},{"PrincipalName":"DOMAIN ADMINS@DOLLARCORP.MONEYCORP.LOCAL","PrincipalType":"group","RightName":"GenericAll","AceType":""},{"PrincipalName":"ACCOUNT OPERATORS@DOLLARCORP.MONEYCORP.LOCAL","PrincipalType":"group","RightName":"GenericAll","AceType":""},{"PrincipalName":"ADMINISTRATORS@DOLLARCORP.MONEYCORP.LOCAL","PrincipalType":"group","RightName":"GenericWrite","AceType":""},{"PrincipalName":"ADMINISTRATORS@DOLLARCORP.MONEYCORP.LOCAL","PrincipalType":"group","RightName":"WriteOwner","AceType":""},{"PrincipalName":"ADMINISTRATORS@DOLLARCORP.MONEYCORP.LOCAL","PrincipalType":"group","RightName":"WriteDacl","AceType":""}],"AllowedToDelegate":[]},{"Properties":{"domain":"DOLLARCORP.MONEYCORP.LOCAL","objectsid":"S-1-5-21-1874506631-3219952063-538504511-2145","highvalue":false,"enabled":true,"lastlogon":0,"pwdlastset":1551085222,"serviceprincipalnames":[],"hasspn":false,"displayname":"VPN102User","email":null,"title":null,"homedirectory":null,"description":null,"userpassword":null,"sensitive":false,"dontreqpreauth":true,"admincount":false},"Name":"VPN102USER@DOLLARCORP.MONEYCORP.LOCAL","PrimaryGroup":"DOMAIN USERS@DOLLARCORP.MONEYCORP.LOCAL","Aces":[{"PrincipalName":"DOMAIN ADMINS@DOLLARCORP.MONEYCORP.LOCAL","PrincipalType":"group","RightName":"Owner","AceType":""},{"PrincipalName":"DOMAIN ADMINS@DOLLARCORP.MONEYCORP.LOCAL","PrincipalType":"group","RightName":"GenericAll","AceType":""},{"PrincipalName":"ACCOUNT OPERATORS@DOLLARCORP.MONEYCORP.LOCAL","PrincipalType":"group","RightName":"GenericAll","AceType":""},{"PrincipalName":"ADMINISTRATORS@DOLLARCORP.MONEYCORP.LOCAL","PrincipalType":"group","RightName":"GenericWrite","AceType":""},{"PrincipalName":"ADMINISTRATORS@DOLLARCORP.MONEYCORP.LOCAL","PrincipalType":"group","RightName":"WriteOwner","AceType":""},{"PrincipalName":"ADMINISTRATORS@DOLLARCORP.MONEYCORP.LOCAL","PrincipalType":"group","RightName":"WriteDacl","AceType":""}],"AllowedToDelegate":[]},{"Properties":{"domain":"DOLLARCORP.MONEYCORP.LOCAL","objectsid":"S-1-5-21-1874506631-3219952063-538504511-2146","highvalue":false,"enabled":true,"lastlogon":0,"pwdlastset":1551085222,"serviceprincipalnames":[],"hasspn":false,"displayname":"VPN103User","email":null,"title":null,"homedirectory":null,"description":null,"userpassword":null,"sensitive":false,"dontreqpreauth":true,"admincount":false},"Name":"VPN103USER@DOLLARCORP.MONEYCORP.LOCAL","PrimaryGroup":"DOMAIN USERS@DOLLARCORP.MONEYCORP.LOCAL","Aces":[{"PrincipalName":"DOMAIN ADMINS@DOLLARCORP.MONEYCORP.LOCAL","PrincipalType":"group","RightName":"Owner","AceType":""},{"PrincipalName":"DOMAIN ADMINS@DOLLARCORP.MONEYCORP.LOCAL","PrincipalType":"group","RightName":"GenericAll","AceType":""},{"PrincipalName":"ACCOUNT OPERATORS@DOLLARCORP.MONEYCORP.LOCAL","PrincipalType":"group","RightName":"GenericAll","AceType":""},{"PrincipalName":"ADMINISTRATORS@DOLLARCORP.MONEYCORP.LOCAL","PrincipalType":"group","RightName":"GenericWrite","AceType":""},{"PrincipalName":"ADMINISTRATORS@DOLLARCORP.MONEYCORP.LOCAL","PrincipalType":"group","RightName":"WriteOwner","AceType":""},{"PrincipalName":"ADMINISTRATORS@DOLLARCORP.MONEYCORP.LOCAL","PrincipalType":"group","RightName":"WriteDacl","AceType":""}],"AllowedToDelegate":[]},{"Properties":{"domain":"DOLLARCORP.MONEYCORP.LOCAL","objectsid":"S-1-5-21-1874506631-3219952063-538504511-2140","highvalue":false,"enabled":true,"lastlogon":0,"pwdlastset":1551085221,"serviceprincipalnames":[],"hasspn":false,"displayname":"VPN97User","email":null,"title":null,"homedirectory":null,"description":null,"userpassword":null,"sensitive":false,"dontreqpreauth":true,"admincount":false},"Name":"VPN97USER@DOLLARCORP.MONEYCORP.LOCAL","PrimaryGroup":"DOMAIN USERS@DOLLARCORP.MONEYCORP.LOCAL","Aces":[{"PrincipalName":"DOMAIN ADMINS@DOLLARCORP.MONEYCORP.LOCAL","PrincipalType":"group","RightName":"Owner","AceType":""},{"PrincipalName":"DOMAIN ADMINS@DOLLARCORP.MONEYCORP.LOCAL","PrincipalType":"group","RightName":"GenericAll","AceType":""},{"PrincipalName":"ACCOUNT OPERATORS@DOLLARCORP.MONEYCORP.LOCAL","PrincipalType":"group","RightName":"GenericAll","AceType":""},{"PrincipalName":"ADMINISTRATORS@DOLLARCORP.MONEYCORP.LOCAL","PrincipalType":"group","RightName":"GenericWrite","AceType":""},{"PrincipalName":"ADMINISTRATORS@DOLLARCORP.MONEYCORP.LOCAL","PrincipalType":"group","RightName":"WriteOwner","AceType":""},{"PrincipalName":"ADMINISTRATORS@DOLLARCORP.MONEYCORP.LOCAL","PrincipalType":"group","RightName":"WriteDacl","AceType":""}],"AllowedToDelegate":[]},{"Properties":{"domain":"DOLLARCORP.MONEYCORP.LOCAL","objectsid":"S-1-5-21-1874506631-3219952063-538504511-2139","highvalue":false,"enabled":true,"lastlogon":0,"pwdlastset":1551085221,"serviceprincipalnames":[],"hasspn":false,"displayname":"VPN96User","email":null,"title":null,"homedirectory":null,"description":null,"userpassword":null,"sensitive":false,"dontreqpreauth":true,"admincount":false},"Name":"VPN96USER@DOLLARCORP.MONEYCORP.LOCAL","PrimaryGroup":"DOMAIN USERS@DOLLARCORP.MONEYCORP.LOCAL","Aces":[{"PrincipalName":"DOMAIN ADMINS@DOLLARCORP.MONEYCORP.LOCAL","PrincipalType":"group","RightName":"Owner","AceType":""},{"PrincipalName":"DOMAIN ADMINS@DOLLARCORP.MONEYCORP.LOCAL","PrincipalType":"group","RightName":"GenericAll","AceType":""},{"PrincipalName":"ACCOUNT OPERATORS@DOLLARCORP.MONEYCORP.LOCAL","PrincipalType":"group","RightName":"GenericAll","AceType":""},{"PrincipalName":"ADMINISTRATORS@DOLLARCORP.MONEYCORP.LOCAL","PrincipalType":"group","RightName":"GenericWrite","AceType":""},{"PrincipalName":"ADMINISTRATORS@DOLLARCORP.MONEYCORP.LOCAL","PrincipalType":"group","RightName":"WriteOwner","AceType":""},{"PrincipalName":"ADMINISTRATORS@DOLLARCORP.MONEYCORP.LOCAL","PrincipalType":"group","RightName":"WriteDacl","AceType":""}],"AllowedToDelegate":[]},{"Properties":{"domain":"DOLLARCORP.MONEYCORP.LOCAL","objectsid":"S-1-5-21-1874506631-3219952063-538504511-2148","highvalue":false,"enabled":true,"lastlogon":0,"pwdlastset":1551085222,"serviceprincipalnames":[],"hasspn":false,"displayname":"VPN105User","email":null,"title":null,"homedirectory":null,"description":null,"userpassword":null,"sensitive":false,"dontreqpreauth":true,"admincount":false},"Name":"VPN105USER@DOLLARCORP.MONEYCORP.LOCAL","PrimaryGroup":"DOMAIN USERS@DOLLARCORP.MONEYCORP.LOCAL","Aces":[{"PrincipalName":"DOMAIN ADMINS@DOLLARCORP.MONEYCORP.LOCAL","PrincipalType":"group","RightName":"Owner","AceType":""},{"PrincipalName":"DOMAIN ADMINS@DOLLARCORP.MONEYCORP.LOCAL","PrincipalType":"group","RightName":"GenericAll","AceType":""},{"PrincipalName":"ACCOUNT OPERATORS@DOLLARCORP.MONEYCORP.LOCAL","PrincipalType":"group","RightName":"GenericAll","AceType":""},{"PrincipalName":"ADMINISTRATORS@DOLLARCORP.MONEYCORP.LOCAL","PrincipalType":"group","RightName":"GenericWrite","AceType":""},{"PrincipalName":"ADMINISTRATORS@DOLLARCORP.MONEYCORP.LOCAL","PrincipalType":"group","RightName":"WriteOwner","AceType":""},{"PrincipalName":"ADMINISTRATORS@DOLLARCORP.MONEYCORP.LOCAL","PrincipalType":"group","RightName":"WriteDacl","AceType":""}],"AllowedToDelegate":[]},{"Properties":{"domain":"DOLLARCORP.MONEYCORP.LOCAL","objectsid":"S-1-5-21-1874506631-3219952063-538504511-501","highvalue":false,"enabled":false,"lastlogon":0,"pwdlastset":0,"serviceprincipalnames":[],"hasspn":false,"displayname":null,"email":null,"title":null,"homedirectory":null,"description":"Built-in account for guest access to the computer/domain","userpassword":null,"sensitive":false,"dontreqpreauth":false,"admincount":false},"Name":"GUEST@DOLLARCORP.MONEYCORP.LOCAL","PrimaryGroup":"DOMAIN GUESTS@DOLLARCORP.MONEYCORP.LOCAL","Aces":[{"PrincipalName":"ADMINISTRATORS@DOLLARCORP.MONEYCORP.LOCAL","PrincipalType":"group","RightName":"Owner","AceType":""},{"PrincipalName":"DOMAIN ADMINS@DOLLARCORP.MONEYCORP.LOCAL","PrincipalType":"group","RightName":"GenericAll","AceType":""},{"PrincipalName":"ACCOUNT OPERATORS@DOLLARCORP.MONEYCORP.LOCAL","PrincipalType":"group","RightName":"GenericAll","AceType":""},{"PrincipalName":"ADMINISTRATORS@DOLLARCORP.MONEYCORP.LOCAL","PrincipalType":"group","RightName":"GenericWrite","AceType":""},{"PrincipalName":"ADMINISTRATORS@DOLLARCORP.MONEYCORP.LOCAL","PrincipalType":"group","RightName":"WriteOwner","AceType":""},{"PrincipalName":"ADMINISTRATORS@DOLLARCORP.MONEYCORP.LOCAL","PrincipalType":"group","RightName":"WriteDacl","AceType":""}],"AllowedToDelegate":[]},{"Properties":{"domain":"DOLLARCORP.MONEYCORP.LOCAL","objectsid":"S-1-5-21-1874506631-3219952063-538504511-2144","highvalue":false,"enabled":true,"lastlogon":0,"pwdlastset":1551085222,"serviceprincipalnames":[],"hasspn":false,"displayname":"VPN101User","email":null,"title":null,"homedirectory":null,"description":null,"userpassword":null,"sensitive":false,"dontreqpreauth":true,"admincount":false},"Name":"VPN101USER@DOLLARCORP.MONEYCORP.LOCAL","PrimaryGroup":"DOMAIN USERS@DOLLARCORP.MONEYCORP.LOCAL","Aces":[{"PrincipalName":"DOMAIN ADMINS@DOLLARCORP.MONEYCORP.LOCAL","PrincipalType":"group","RightName":"Owner","AceType":""},{"PrincipalName":"DOMAIN ADMINS@DOLLARCORP.MONEYCORP.LOCAL","PrincipalType":"group","RightName":"GenericAll","AceType":""},{"PrincipalName":"ACCOUNT OPERATORS@DOLLARCORP.MONEYCORP.LOCAL","PrincipalType":"group","RightName":"GenericAll","AceType":""},{"PrincipalName":"ADMINISTRATORS@DOLLARCORP.MONEYCORP.LOCAL","PrincipalType":"group","RightName":"GenericWrite","AceType":""},{"PrincipalName":"ADMINISTRATORS@DOLLARCORP.MONEYCORP.LOCAL","PrincipalType":"group","RightName":"WriteOwner","AceType":""},{"PrincipalName":"ADMINISTRATORS@DOLLARCORP.MONEYCORP.LOCAL","PrincipalType":"group","RightName":"WriteDacl","AceType":""}],"AllowedToDelegate":[]},{"Properties":{"domain":"DOLLARCORP.MONEYCORP.LOCAL","objectsid":"S-1-5-21-1874506631-3219952063-538504511-2149","highvalue":false,"enabled":true,"lastlogon":0,"pwdlastset":1551085222,"serviceprincipalnames":[],"hasspn":false,"displayname":"VPN106User","email":null,"title":null,"homedirectory":null,"description":null,"userpassword":null,"sensitive":false,"dontreqpreauth":true,"admincount":false},"Name":"VPN106USER@DOLLARCORP.MONEYCORP.LOCAL","PrimaryGroup":"DOMAIN USERS@DOLLARCORP.MONEYCORP.LOCAL","Aces":[{"PrincipalName":"DOMAIN ADMINS@DOLLARCORP.MONEYCORP.LOCAL","PrincipalType":"group","RightName":"Owner","AceType":""},{"PrincipalName":"DOMAIN ADMINS@DOLLARCORP.MONEYCORP.LOCAL","PrincipalType":"group","RightName":"GenericAll","AceType":""},{"PrincipalName":"ACCOUNT OPERATORS@DOLLARCORP.MONEYCORP.LOCAL","PrincipalType":"group","RightName":"GenericAll","AceType":""},{"PrincipalName":"ADMINISTRATORS@DOLLARCORP.MONEYCORP.LOCAL","PrincipalType":"group","RightName":"GenericWrite","AceType":""},{"PrincipalName":"ADMINISTRATORS@DOLLARCORP.MONEYCORP.LOCAL","PrincipalType":"group","RightName":"WriteOwner","AceType":""},{"PrincipalName":"ADMINISTRATORS@DOLLARCORP.MONEYCORP.LOCAL","PrincipalType":"group","RightName":"WriteDacl","AceType":""}],"AllowedToDelegate":[]},{"Properties":{"domain":"DOLLARCORP.MONEYCORP.LOCAL","objectsid":"S-1-5-21-1874506631-3219952063-538504511-2147","highvalue":false,"enabled":true,"lastlogon":0,"pwdlastset":1551085222,"serviceprincipalnames":[],"hasspn":false,"displayname":"VPN104User","email":null,"title":null,"homedirectory":null,"description":null,"userpassword":null,"sensitive":false,"dontreqpreauth":true,"admincount":false},"Name":"VPN104USER@DOLLARCORP.MONEYCORP.LOCAL","PrimaryGroup":"DOMAIN USERS@DOLLARCORP.MONEYCORP.LOCAL","Aces":[{"PrincipalName":"DOMAIN ADMINS@DOLLARCORP.MONEYCORP.LOCAL","PrincipalType":"group","RightName":"Owner","AceType":""},{"PrincipalName":"DOMAIN ADMINS@DOLLARCORP.MONEYCORP.LOCAL","PrincipalType":"group","RightName":"GenericAll","AceType":""},{"PrincipalName":"ACCOUNT OPERATORS@DOLLARCORP.MONEYCORP.LOCAL","PrincipalType":"group","RightName":"GenericAll","AceType":""},{"PrincipalName":"ADMINISTRATORS@DOLLARCORP.MONEYCORP.LOCAL","PrincipalType":"group","RightName":"GenericWrite","AceType":""},{"PrincipalName":"ADMINISTRATORS@DOLLARCORP.MONEYCORP.LOCAL","PrincipalType":"group","RightName":"WriteOwner","AceType":""},{"PrincipalName":"ADMINISTRATORS@DOLLARCORP.MONEYCORP.LOCAL","PrincipalType":"group","RightName":"WriteDacl","AceType":""}],"AllowedToDelegate":[]}],"meta":{"count":62,"type":"users"}}